Country,Region,Year,Disaster Type
Bangladesh,Southern Asia,2015,Storm
Afghanistan,Southern Asia,2015,Landslide
Australia,Australia and New Zealand,2015,Storm
Bahamas (the),Caribbean,2015,Storm
Angola,Middle Africa,2015,Flood
Albania,Southern Europe,2015,Flood
Bangladesh,Southern Asia,2015,Flood
Bangladesh,Southern Asia,2015,Flood
Burkina Faso,Western Africa,2015,Flood
Afghanistan,Southern Asia,2015,Landslide
Argentina,South America,2015,Storm
Bangladesh,Southern Asia,2015,Storm
Afghanistan,Southern Asia,2015,Earthquake
Afghanistan,Southern Asia,2015,Earthquake
Afghanistan,Southern Asia,2015,Flood
Afghanistan,Southern Asia,2015,Landslide
Afghanistan,Southern Asia,2015,Landslide
Angola,Middle Africa,2015,Flood
Angola,Middle Africa,2015,Flood
Angola,Middle Africa,2015,Epidemic
Albania,Southern Europe,2015,Flood
Albania,Southern Europe,2015,Flood
Argentina,South America,2015,Volcanic activity
Argentina,South America,2015,Flood
Argentina,South America,2015,Flood
Argentina,South America,2015,Flood
Australia,Australia and New Zealand,2015,Flood
Australia,Australia and New Zealand,2015,Storm
Australia,Australia and New Zealand,2015,Storm
Australia,Australia and New Zealand,2015,Storm
Australia,Australia and New Zealand,2015,Wildfire
Australia,Australia and New Zealand,2015,Wildfire
Australia,Australia and New Zealand,2015,Wildfire
Burundi,Eastern Africa,2015,Landslide
Burundi,Eastern Africa,2015,Flood
Belgium,Western Europe,2015,Extreme temperature
Bangladesh,Southern Asia,2015,Storm
Bangladesh,Southern Asia,2015,Storm
Bangladesh,Southern Asia,2015,Earthquake
Bangladesh,Southern Asia,2015,Landslide
Bulgaria,Eastern Europe,2015,Flood
Bosnia and Herzegovina,Southern Europe,2015,Flood
Belize,Central America,2015,Flood
Bangladesh,Southern Asia,2016,Storm
Afghanistan,Southern Asia,2016,Flood
Afghanistan,Southern Asia,2016,Flood
Australia,Australia and New Zealand,2016,Storm
Belgium,Western Europe,2016,Storm
Bahamas (the),Caribbean,2016,Storm
Bangladesh,Southern Asia,2016,Storm
Afghanistan,Southern Asia,2016,Flood
Afghanistan,Southern Asia,2016,Flood
Angola,Middle Africa,2016,Flood
Angola,Middle Africa,2016,Flood
Angola,Middle Africa,2016,Flood
Angola,Middle Africa,2016,Flood
Albania,Southern Europe,2016,Flood
Argentina,South America,2016,Flood
Armenia,Western Asia,2016,Landslide
Australia,Australia and New Zealand,2016,Wildfire
Australia,Australia and New Zealand,2016,Epidemic
Australia,Australia and New Zealand,2016,Flood
Austria,Western Europe,2016,Flood
Burundi,Eastern Africa,2016,Epidemic
Belgium,Western Europe,2016,Flood
Benin,Western Africa,2016,Epidemic
Burkina Faso,Western Africa,2016,Flood
Bangladesh,Southern Asia,2016,Earthquake
Bangladesh,Southern Asia,2016,Flood
Belize,Central America,2016,Storm
China,Eastern Asia,2015,Flood
China,Eastern Asia,2015,Flood
Macedonia (the former Yugoslav Republic of),Southern Europe,2015,Flood
Dominica,Caribbean,2015,Storm
India,Southern Asia,2015,Storm
Japan,Eastern Asia,2015,Storm
Madagascar,Eastern Africa,2015,Storm
Mexico,Central America,2015,Storm
China,Eastern Asia,2015,Storm
China,Eastern Asia,2015,Storm
Malawi,Eastern Africa,2015,Flood
Chile,South America,2015,Storm
Nepal,Southern Asia,2015,Landslide
Pakistan,Southern Asia,2015,Flood
China,Eastern Asia,2015,Storm
Egypt,Northern Africa,2015,Storm
Italy,Southern Europe,2015,Storm
Indonesia,South-Eastern Asia,2015,Drought
Mongolia,Eastern Asia,2015,Extreme temperature
China,Eastern Asia,2015,Storm
Chile,South America,2015,Flood
China,Eastern Asia,2015,Flood
China,Eastern Asia,2015,Flood
Côte d’Ivoire,Western Africa,2015,Flood
Colombia,South America,2015,Earthquake
Costa Rica,Central America,2015,Flood
Ecuador,South America,2015,Flood
Georgia,Western Asia,2015,Flood
India,Southern Asia,2015,Flood
India,Southern Asia,2015,Flood
India,Southern Asia,2015,Flood
India,Southern Asia,2015,Flood
India,Southern Asia,2015,Flood
Italy,Southern Europe,2015,Flood
Japan,Eastern Asia,2015,Flood
Lao People's Democratic Republic (the),South-Eastern Asia,2015,Flood
Sri Lanka,Southern Asia,2015,Flood
Myanmar,South-Eastern Asia,2015,Flood
Myanmar,South-Eastern Asia,2015,Flood
Malaysia,South-Eastern Asia,2015,Earthquake
Malaysia,South-Eastern Asia,2015,Flood
Nepal,Southern Asia,2015,Earthquake
Nepal,Southern Asia,2015,Earthquake
Chile,South America,2015,Earthquake
Indonesia,South-Eastern Asia,2015,Flood
China,Eastern Asia,2015,Storm
India,Southern Asia,2015,Storm
Brazil,South America,2015,Flood
Cuba,Caribbean,2015,Flood
China,Eastern Asia,2015,Storm
Colombia,South America,2015,Drought
Central African Republic,Middle Africa,2015,Storm
China,Eastern Asia,2015,Storm
China,Eastern Asia,2015,Storm
China,Eastern Asia,2015,Storm
Colombia,South America,2015,Landslide
Egypt,Northern Africa,2015,Storm
United Kingdom of Great Britain and Northern Ireland (the),Northern Europe,2015,Storm
Haiti,Caribbean,2015,Storm
Ireland,Northern Europe,2015,Storm
Japan,Eastern Asia,2015,Storm
Japan,Eastern Asia,2015,Storm
Kiribati,Micronesia,2015,Storm
Mexico,Central America,2015,Storm
Malawi,Eastern Africa,2015,Storm
Oman,Western Asia,2015,Storm
Gambia (the),Western Africa,2015,Drought
Malawi,Eastern Africa,2015,Drought
Namibia,Southern Africa,2015,Drought
Niger (the),Western Africa,2015,Drought
Ethiopia,Eastern Africa,2015,Drought
China,Eastern Asia,2015,Storm
Iran (Islamic Republic of),Southern Asia,2015,Flood
Bolivia (Plurinational State of),South America,2015,Flood
Brazil,South America,2015,Storm
Brazil,South America,2015,Flood
Brazil,South America,2015,Flood
Brazil,South America,2015,Landslide
Brazil,South America,2015,Flood
Botswana,Southern Africa,2015,Drought
Canada,Northern America,2015,Wildfire
Chile,South America,2015,Volcanic activity
Chile,South America,2015,Volcanic activity
Chile,South America,2015,Wildfire
Chile,South America,2015,Flood
China,Eastern Asia,2015,Storm
China,Eastern Asia,2015,Storm
China,Eastern Asia,2015,Storm
China,Eastern Asia,2015,Earthquake
China,Eastern Asia,2015,Earthquake
China,Eastern Asia,2015,Earthquake
China,Eastern Asia,2015,Earthquake
China,Eastern Asia,2015,Earthquake
China,Eastern Asia,2015,Flood
China,Eastern Asia,2015,Flood
China,Eastern Asia,2015,Flood
China,Eastern Asia,2015,Landslide
China,Eastern Asia,2015,Storm
China,Eastern Asia,2015,Storm
China,Eastern Asia,2015,Storm
China,Eastern Asia,2015,Storm
China,Eastern Asia,2015,Drought
China,Eastern Asia,2015,Flood
China,Eastern Asia,2015,Flood
China,Eastern Asia,2015,Flood
China,Eastern Asia,2015,Flood
China,Eastern Asia,2015,Flood
Cameroon,Middle Africa,2015,Epidemic
Cameroon,Middle Africa,2015,Flood
Colombia,South America,2015,Flood
Cabo Verde,Western Africa,2015,Storm
Costa Rica,Central America,2015,Volcanic activity
Cuba,Caribbean,2015,Drought
Dominican Republic (the),Caribbean,2015,Flood
Dominican Republic (the),Caribbean,2015,Flood
Dominican Republic (the),Caribbean,2015,Storm
Algeria,Northern Africa,2015,Flood
Algeria,Northern Africa,2015,Flood
Ecuador,South America,2015,Volcanic activity
Ecuador,South America,2015,Volcanic activity
Egypt,Northern Africa,2015,Extreme temperature
Spain,Southern Europe,2015,Flood
Spain,Southern Europe,2015,Flood
Ethiopia,Eastern Africa,2015,Flood
Fiji,Melanesia,2015,Drought
France,Western Europe,2015,Flood
France,Western Europe,2015,Storm
France,Western Europe,2015,Extreme temperature
Micronesia (Federated States of),Micronesia,2015,Storm
United Kingdom of Great Britain and Northern Ireland (the),Northern Europe,2015,Flood
Ghana,Western Africa,2015,Epidemic
Ghana,Western Africa,2015,Flood
Guinea,Western Africa,2015,Landslide
Guinea,Western Africa,2015,Flood
Greece,Southern Europe,2015,Flood
Greece,Southern Europe,2015,Flood
Guatemala,Central America,2015,Flood
Guatemala,Central America,2015,Landslide
Guatemala,Central America,2015,Epidemic
Guatemala,Central America,2015,Flood
Guyana,South America,2015,Flood
Croatia,Southern Europe,2015,Flood
Haiti,Caribbean,2015,Flood
Haiti,Caribbean,2015,Epidemic
Indonesia,South-Eastern Asia,2015,Earthquake
Indonesia,South-Eastern Asia,2015,Flood
Indonesia,South-Eastern Asia,2015,Flood
Indonesia,South-Eastern Asia,2015,Flood
Indonesia,South-Eastern Asia,2015,Flood
Indonesia,South-Eastern Asia,2015,Landslide
Indonesia,South-Eastern Asia,2015,Landslide
Indonesia,South-Eastern Asia,2015,Landslide
Indonesia,South-Eastern Asia,2015,Wildfire
Indonesia,South-Eastern Asia,2015,Flood
India,Southern Asia,2015,Storm
India,Southern Asia,2015,Storm
India,Southern Asia,2015,Storm
India,Southern Asia,2015,Storm
India,Southern Asia,2015,Earthquake
India,Southern Asia,2015,Earthquake
India,Southern Asia,2015,Earthquake
India,Southern Asia,2015,Flood
India,Southern Asia,2015,Flood
India,Southern Asia,2015,Landslide
India,Southern Asia,2015,Extreme temperature
India,Southern Asia,2015,Drought
India,Southern Asia,2015,Flood
India,Southern Asia,2015,Flood
India,Southern Asia,2015,Flood
Iran (Islamic Republic of),Southern Asia,2015,Flood
Iran (Islamic Republic of),Southern Asia,2015,Flood
Iran (Islamic Republic of),Southern Asia,2015,Flood
Iran (Islamic Republic of),Southern Asia,2015,Flood
Iraq,Western Asia,2015,Flood
Iraq,Western Asia,2015,Epidemic
Israel,Western Asia,2015,Storm
Italy,Southern Europe,2015,Flood
Italy,Southern Europe,2015,Flood
Japan,Eastern Asia,2015,Storm
Japan,Eastern Asia,2015,Storm
Japan,Eastern Asia,2015,Storm
Japan,Eastern Asia,2015,Extreme temperature
Japan,Eastern Asia,2015,Extreme temperature
Japan,Eastern Asia,2015,Extreme temperature
Kazakhstan,Central Asia,2015,Flood
Kenya,Eastern Africa,2015,Flood
Kenya,Eastern Africa,2015,Flood
Kenya,Eastern Africa,2015,Flood
Kyrgyzstan,Central Asia,2015,Earthquake
Korea (the Republic of),Eastern Asia,2015,Epidemic
Lao People's Democratic Republic (the),South-Eastern Asia,2015,Flood
Lebanon,Western Asia,2015,Storm
Lebanon,Western Asia,2015,Storm
Lebanon,Western Asia,2015,Storm
Sri Lanka,Southern Asia,2015,Flood
Madagascar,Eastern Africa,2015,Flood
Madagascar,Eastern Africa,2015,Storm
Mexico,Central America,2015,Storm
Mexico,Central America,2015,Flood
Marshall Islands (the),Micronesia,2015,Drought
Macedonia (the former Yugoslav Republic of),Southern Europe,2015,Flood
Mali,Western Africa,2015,Flood
Myanmar,South-Eastern Asia,2015,Storm
Myanmar,South-Eastern Asia,2015,Flood
Myanmar,South-Eastern Asia,2015,Landslide
Myanmar,South-Eastern Asia,2015,Landslide
Mozambique,Eastern Africa,2015,Flood
Niger (the),Western Africa,2015,Flood
Niger (the),Western Africa,2015,Epidemic
Nigeria,Western Africa,2015,Flood
Nigeria,Western Africa,2015,Epidemic
Nicaragua,Central America,2015,Flood
Nepal,Southern Asia,2015,Landslide
New Zealand,Australia and New Zealand,2015,Flood
New Zealand,Australia and New Zealand,2015,Flood
Pakistan,Southern Asia,2015,Earthquake
Pakistan,Southern Asia,2015,Earthquake
Pakistan,Southern Asia,2015,Mass movement (dry)
Pakistan,Southern Asia,2015,Flood
Pakistan,Southern Asia,2015,Flood
Pakistan,Southern Asia,2015,Flood
Pakistan,Southern Asia,2015,Extreme temperature
Pakistan,Southern Asia,2015,Flood
Pakistan,Southern Asia,2015,Flood
Panama,Central America,2015,Flood
Panama,Central America,2015,Drought
New Zealand,Australia and New Zealand,2016,Earthquake
Korea (the Republic of),Eastern Asia,2016,Storm
Nigeria,Western Africa,2016,Storm
Panama,Central America,2016,Storm
Ecuador,South America,2016,Earthquake
China,Eastern Asia,2016,Flood
China,Eastern Asia,2016,Storm
Myanmar,South-Eastern Asia,2016,Storm
China,Eastern Asia,2016,Flood
Macedonia (the former Yugoslav Republic of),Southern Europe,2016,Flood
China,Eastern Asia,2016,Drought
Mexico,Central America,2016,Storm
Netherlands (the),Western Europe,2016,Storm
Fiji,Melanesia,2016,Storm
Morocco,Northern Africa,2016,Extreme temperature
Mexico,Central America,2016,Flood
Bolivia (Plurinational State of),South America,2016,Flood
Brazil,South America,2016,Flood
China,Eastern Asia,2016,Storm
China,Eastern Asia,2016,Flood
Dominican Republic (the),Caribbean,2016,Flood
Ecuador,South America,2016,Flood
Ethiopia,Eastern Africa,2016,Flood
Ethiopia,Eastern Africa,2016,Flood
Honduras,Central America,2016,Flood
Honduras,Central America,2016,Flood
Haiti,Caribbean,2016,Flood
Haiti,Caribbean,2016,Flood
Haiti,Caribbean,2016,Flood
Indonesia,South-Eastern Asia,2016,Flood
Indonesia,South-Eastern Asia,2016,Flood
Indonesia,South-Eastern Asia,2016,Flood
Indonesia,South-Eastern Asia,2016,Flood
Indonesia,South-Eastern Asia,2016,Flood
India,Southern Asia,2016,Flood
Japan,Eastern Asia,2016,Storm
Japan,Eastern Asia,2016,Flood
Sri Lanka,Southern Asia,2016,Flood
Mexico,Central America,2016,Flood
Nepal,Southern Asia,2016,Flood
Pakistan,Southern Asia,2016,Flood
Pakistan,Southern Asia,2016,Flood
Canada,Northern America,2016,Wildfire
Kenya,Eastern Africa,2016,Flood
China,Eastern Asia,2016,Storm
China,Eastern Asia,2016,Storm
Hungary,Eastern Europe,2016,Flood
China,Eastern Asia,2016,Storm
China,Eastern Asia,2016,Storm
China,Eastern Asia,2016,Landslide
Costa Rica,Central America,2016,Storm
Egypt,Northern Africa,2016,Storm
Fiji,Melanesia,2016,Storm
Indonesia,South-Eastern Asia,2016,Landslide
India,Southern Asia,2016,Storm
Japan,Eastern Asia,2016,Storm
Japan,Eastern Asia,2016,Storm
Saint Lucia,Caribbean,2016,Storm
Mexico,Central America,2016,Storm
Bolivia (Plurinational State of),South America,2016,Drought
Cambodia,South-Eastern Asia,2016,Drought
Haiti,Caribbean,2016,Drought
Kenya,Eastern Africa,2016,Drought
Lesotho,Southern Africa,2016,Drought
Madagascar,Eastern Africa,2016,Drought
Mozambique,Eastern Africa,2016,Drought
Haiti,Caribbean,2016,Flood
Pakistan,Southern Asia,2016,Flood
France,Western Europe,2016,Flood
Haiti,Caribbean,2016,Flood
Brazil,South America,2016,Flood
Central African Republic,Middle Africa,2016,Epidemic
Canada,Northern America,2016,Flood
Chile,South America,2016,Flood
China,Eastern Asia,2016,Storm
China,Eastern Asia,2016,Storm
China,Eastern Asia,2016,Earthquake
China,Eastern Asia,2016,Flood
China,Eastern Asia,2016,Flood
China,Eastern Asia,2016,Landslide
China,Eastern Asia,2016,Landslide
China,Eastern Asia,2016,Storm
China,Eastern Asia,2016,Storm
China,Eastern Asia,2016,Storm
China,Eastern Asia,2016,Storm
China,Eastern Asia,2016,Extreme temperature
China,Eastern Asia,2016,Flood
China,Eastern Asia,2016,Flood
China,Eastern Asia,2016,Flood
China,Eastern Asia,2016,Flood
China,Eastern Asia,2016,Flood
China,Eastern Asia,2016,Storm
China,Eastern Asia,2016,Flood
China,Eastern Asia,2016,Flood
Côte d’Ivoire,Western Africa,2016,Flood
Cuba,Caribbean,2016,Storm
Germany,Western Europe,2016,Flood
Dominican Republic (the),Caribbean,2016,Storm
Dominican Republic (the),Caribbean,2016,Flood
Ecuador,South America,2016,Earthquake
Ecuador,South America,2016,Flood
Spain,Southern Europe,2016,Flood
Micronesia (Federated States of),Micronesia,2016,Drought
Ghana,Western Africa,2016,Epidemic
Ghana,Western Africa,2016,Flood
Greece,Southern Europe,2016,Flood
Guatemala,Central America,2016,Landslide
Guatemala,Central America,2016,Storm
Honduras,Central America,2016,Storm
Haiti,Caribbean,2016,Storm
Haiti,Caribbean,2016,Epidemic
Haiti,Caribbean,2016,Flood
Indonesia,South-Eastern Asia,2016,Earthquake
Indonesia,South-Eastern Asia,2016,Earthquake
Indonesia,South-Eastern Asia,2016,Earthquake
Indonesia,South-Eastern Asia,2016,Flood
Indonesia,South-Eastern Asia,2016,Landslide
Indonesia,South-Eastern Asia,2016,Flood
Indonesia,South-Eastern Asia,2016,Flood
India,Southern Asia,2016,Storm
India,Southern Asia,2016,Storm
India,Southern Asia,2016,Earthquake
India,Southern Asia,2016,Flood
India,Southern Asia,2016,Flood
India,Southern Asia,2016,Landslide
India,Southern Asia,2016,Landslide
India,Southern Asia,2016,Extreme temperature
India,Southern Asia,2016,Wildfire
India,Southern Asia,2016,Flood
India,Southern Asia,2016,Flood
India,Southern Asia,2016,Flood
India,Southern Asia,2016,Flood
Israel,Western Asia,2016,Wildfire
Italy,Southern Europe,2016,Earthquake
Italy,Southern Europe,2016,Earthquake
Italy,Southern Europe,2016,Earthquake
Italy,Southern Europe,2016,Flood
Jamaica,Caribbean,2016,Storm
Japan,Eastern Asia,2016,Earthquake
Japan,Eastern Asia,2016,Earthquake
Japan,Eastern Asia,2016,Earthquake
Japan,Eastern Asia,2016,Storm
Japan,Eastern Asia,2016,Extreme temperature
Kenya,Eastern Africa,2016,Flood
Korea (the Republic of),Eastern Asia,2016,Earthquake
Korea (the Republic of),Eastern Asia,2016,Extreme temperature
Lao People's Democratic Republic (the),South-Eastern Asia,2016,Flood
Liberia,Western Africa,2016,Flood
Mexico,Central America,2016,Flood
Mexico,Central America,2016,Flood
Macedonia (the former Yugoslav Republic of),Southern Europe,2016,Earthquake
Mali,Western Africa,2016,Flood
Myanmar,South-Eastern Asia,2016,Storm
Myanmar,South-Eastern Asia,2016,Earthquake
Myanmar,South-Eastern Asia,2016,Landslide
Myanmar,South-Eastern Asia,2016,Epidemic
Myanmar,South-Eastern Asia,2016,Flood
Myanmar,South-Eastern Asia,2016,Flood
Mongolia,Eastern Asia,2016,Extreme temperature
Mozambique,Eastern Africa,2016,Flood
Malawi,Eastern Africa,2016,Flood
Malaysia,South-Eastern Asia,2016,Flood
Malaysia,South-Eastern Asia,2016,Flood
Malaysia,South-Eastern Asia,2016,Flood
Malaysia,South-Eastern Asia,2016,Flood
Niger (the),Western Africa,2016,Flood
Niger (the),Western Africa,2016,Epidemic
Niger (the),Western Africa,2016,Flood
Nigeria,Western Africa,2016,Flood
Nicaragua,Central America,2016,Storm
Nepal,Southern Asia,2016,Wildfire
Nepal,Southern Asia,2016,Flood
New Zealand,Australia and New Zealand,2016,Flood
Oman,Western Asia,2016,Flood
Pakistan,Southern Asia,2016,Storm
Pakistan,Southern Asia,2016,Earthquake
Pakistan,Southern Asia,2016,Flood
Pakistan,Southern Asia,2016,Flood
Chile,South America,2017,Wildfire
Philippines (the),South-Eastern Asia,2015,Storm
Philippines (the),South-Eastern Asia,2015,Storm
Philippines (the),South-Eastern Asia,2015,Storm
Philippines (the),South-Eastern Asia,2015,Storm
United States of America (the),Northern America,2015,Storm
United States of America (the),Northern America,2015,Storm
United States of America (the),Northern America,2015,Storm
United States of America (the),Northern America,2015,Storm
United States of America (the),Northern America,2015,Storm
United States of America (the),Northern America,2015,Storm
United States of America (the),Northern America,2015,Storm
Peru,South America,2015,Flood
Philippines (the),South-Eastern Asia,2015,Storm
Philippines (the),South-Eastern Asia,2015,Flood
Philippines (the),South-Eastern Asia,2015,Flood
Rwanda,Eastern Africa,2015,Flood
Tajikistan,Central Asia,2015,Flood
Tajikistan,Central Asia,2015,Flood
Viet Nam,South-Eastern Asia,2015,Flood
Congo (the Democratic Republic of the),Middle Africa,2015,Flood
United States of America (the),Northern America,2015,Wildfire
United States of America (the),Northern America,2015,Storm
United States of America (the),Northern America,2015,Storm
Philippines (the),South-Eastern Asia,2015,Flood
United States of America (the),Northern America,2015,Flood
Papua New Guinea,Melanesia,2015,Drought
"Palestine, State of",Western Asia,2015,Storm
Syrian Arab Republic,Western Asia,2015,Storm
United States of America (the),Northern America,2015,Storm
United States of America (the),Northern America,2015,Storm
South Africa,Southern Africa,2015,Drought
Turkey,Western Asia,2015,Flood
"Palestine, State of",Western Asia,2015,Storm
Solomon Islands,Melanesia,2015,Storm
Somalia,Eastern Africa,2015,Storm
Taiwan (Province of China),Eastern Asia,2015,Storm
"Tanzania, United Republic of",Eastern Africa,2015,Storm
United States of America (the),Northern America,2015,Storm
United States of America (the),Northern America,2015,Storm
United States of America (the),Northern America,2015,Storm
Vanuatu,Melanesia,2015,Storm
Yemen,Western Asia,2015,Storm
Zimbabwe,Eastern Africa,2015,Storm
Sudan (the),Northern Africa,2015,Drought
Somalia,Eastern Africa,2015,Drought
Tuvalu,Polynesia,2015,Storm
United States of America (the),Northern America,2015,Storm
United States of America (the),Northern America,2015,Flood
Peru,South America,2015,Flood
Peru,South America,2015,Extreme temperature
Philippines (the),South-Eastern Asia,2015,Flood
Philippines (the),South-Eastern Asia,2015,Storm
Philippines (the),South-Eastern Asia,2015,Storm
Philippines (the),South-Eastern Asia,2015,Storm
Philippines (the),South-Eastern Asia,2015,Storm
Philippines (the),South-Eastern Asia,2015,Storm
Philippines (the),South-Eastern Asia,2015,Drought
Philippines (the),South-Eastern Asia,2015,Flood
Papua New Guinea,Melanesia,2015,Storm
Papua New Guinea,Melanesia,2015,Flood
Poland,Eastern Europe,2015,Storm
Poland,Eastern Europe,2015,Extreme temperature
Korea (the Democratic People's Republic of),Eastern Asia,2015,Flood
Korea (the Democratic People's Republic of),Eastern Asia,2015,Drought
Portugal,Southern Europe,2015,Flood
Paraguay,South America,2015,Storm
Paraguay,South America,2015,Flood
Paraguay,South America,2015,Flood
Romania,Eastern Europe,2015,Flood
Russian Federation (the),Eastern Europe,2015,Flood
Russian Federation (the),Eastern Europe,2015,Wildfire
Saudi Arabia,Western Asia,2015,Flood
Saudi Arabia,Western Asia,2015,Flood
Sudan (the),Northern Africa,2015,Flood
Sudan (the),Northern Africa,2015,Extreme temperature
Solomon Islands,Melanesia,2015,Storm
Solomon Islands,Melanesia,2015,Drought
Sierra Leone,Western Africa,2015,Flood
El Salvador,Central America,2015,Storm
El Salvador,Central America,2015,Flood
Somalia,Eastern Africa,2015,Storm
Somalia,Eastern Africa,2015,Flood
Somalia,Eastern Africa,2015,Flood
Syrian Arab Republic,Western Asia,2015,Storm
Togo,Western Africa,2015,Epidemic
Thailand,South-Eastern Asia,2015,Drought
Tajikistan,Central Asia,2015,Earthquake
Tajikistan,Central Asia,2015,Landslide
Tonga,Polynesia,2015,Drought
Turkey,Western Asia,2015,Flood
Taiwan (Province of China),Eastern Asia,2015,Storm
Taiwan (Province of China),Eastern Asia,2015,Storm
"Tanzania, United Republic of",Eastern Africa,2015,Epidemic
"Tanzania, United Republic of",Eastern Africa,2015,Epidemic
"Tanzania, United Republic of",Eastern Africa,2015,Flood
Uruguay,South America,2015,Flood
Uruguay,South America,2015,Flood
Uruguay,South America,2015,Flood
United States of America (the),Northern America,2015,Storm
United States of America (the),Northern America,2015,Storm
United States of America (the),Northern America,2015,Storm
United States of America (the),Northern America,2015,Storm
United States of America (the),Northern America,2015,Flood
United States of America (the),Northern America,2015,Flood
United States of America (the),Northern America,2015,Wildfire
United States of America (the),Northern America,2015,Wildfire
United States of America (the),Northern America,2015,Drought
United States of America (the),Northern America,2015,Wildfire
United States of America (the),Northern America,2015,Flood
Venezuela (Bolivarian Republic of),South America,2015,Flood
Viet Nam,South-Eastern Asia,2015,Storm
Viet Nam,South-Eastern Asia,2015,Drought
Viet Nam,South-Eastern Asia,2015,Flood
Samoa,Polynesia,2015,Drought
Yemen,Western Asia,2015,Storm
Yemen,Western Asia,2015,Epidemic
Congo (the Democratic Republic of the),Middle Africa,2015,Earthquake
Congo (the Democratic Republic of the),Middle Africa,2015,Wildfire
Congo (the Democratic Republic of the),Middle Africa,2015,Flood
Congo (the Democratic Republic of the),Middle Africa,2015,Flood
Northern Mariana Islands (the),Micronesia,2015,Storm
Timor-Leste,South-Eastern Asia,2015,Earthquake
South Sudan,Northern Africa,2015,Epidemic
United States of America (the),Northern America,2016,Storm
United States of America (the),Northern America,2016,Storm
Viet Nam,South-Eastern Asia,2016,Storm
Argentina,South America,2016,Flood
Russian Federation (the),Eastern Europe,2016,Flood
United States of America (the),Northern America,2016,Storm
United States of America (the),Northern America,2016,Storm
Uruguay,South America,2016,Flood
Peru,South America,2016,Flood
Philippines (the),South-Eastern Asia,2016,Storm
Philippines (the),South-Eastern Asia,2016,Storm
Rwanda,Eastern Africa,2016,Flood
Tajikistan,Central Asia,2016,Flood
Taiwan (Province of China),Eastern Asia,2016,Storm
United States of America (the),Northern America,2016,Flood
Saint Vincent and the Grenadines,Caribbean,2016,Flood
Bolivia (Plurinational State of),South America,2016,Flood
Colombia,South America,2016,Flood
Taiwan (Province of China),Eastern Asia,2016,Earthquake
Solomon Islands,Melanesia,2016,Earthquake
United States of America (the),Northern America,2016,Storm
United States of America (the),Northern America,2016,Storm
United States of America (the),Northern America,2016,Storm
United States of America (the),Northern America,2016,Storm
United States of America (the),Northern America,2016,Storm
Ukraine,Eastern Europe,2016,Flood
United States of America (the),Northern America,2016,Flood
United States of America (the),Northern America,2016,Flood
Congo (the Democratic Republic of the),Middle Africa,2016,Flood
Philippines (the),South-Eastern Asia,2016,Storm
Saudi Arabia,Western Asia,2016,Storm
Taiwan (Province of China),Eastern Asia,2016,Storm
United States of America (the),Northern America,2016,Storm
United States of America (the),Northern America,2016,Storm
United States of America (the),Northern America,2016,Storm
Viet Nam,South-Eastern Asia,2016,Storm
Viet Nam,South-Eastern Asia,2016,Storm
South Sudan,Northern Africa,2016,Drought
United States of America (the),Northern America,2016,Storm
Poland,Eastern Europe,2016,Flood
Russian Federation (the),Eastern Europe,2016,Flood
United States of America (the),Northern America,2016,Storm
Peru,South America,2016,Earthquake
Peru,South America,2016,Earthquake
Philippines (the),South-Eastern Asia,2016,Storm
Philippines (the),South-Eastern Asia,2016,Storm
Philippines (the),South-Eastern Asia,2016,Storm
Philippines (the),South-Eastern Asia,2016,Storm
Philippines (the),South-Eastern Asia,2016,Storm
Philippines (the),South-Eastern Asia,2016,Flood
Philippines (the),South-Eastern Asia,2016,Flood
Poland,Eastern Europe,2016,Extreme temperature
Korea (the Democratic People's Republic of),Eastern Asia,2016,Flood
Portugal,Southern Europe,2016,Wildfire
Paraguay,South America,2016,Drought
Romania,Eastern Europe,2016,Flood
Romania,Eastern Europe,2016,Flood
Russian Federation (the),Eastern Europe,2016,Flood
Rwanda,Eastern Africa,2016,Landslide
Saudi Arabia,Western Asia,2016,Flood
Saudi Arabia,Western Asia,2016,Flood
Sudan (the),Northern Africa,2016,Flood
Sudan (the),Northern Africa,2016,Epidemic
Senegal,Western Africa,2016,Flood
Singapore,South-Eastern Asia,2016,Epidemic
Solomon Islands,Melanesia,2016,Epidemic
Somalia,Eastern Africa,2016,Flood
Swaziland,Southern Africa,2016,Drought
Seychelles,Eastern Africa,2016,Epidemic
Thailand,South-Eastern Asia,2016,Flood
Thailand,South-Eastern Asia,2016,Extreme temperature
Thailand,South-Eastern Asia,2016,Flood
Thailand,South-Eastern Asia,2016,Flood
Tajikistan,Central Asia,2016,Earthquake
Tonga,Polynesia,2016,Storm
Tonga,Polynesia,2016,Storm
Tonga,Polynesia,2016,Storm
Taiwan (Province of China),Eastern Asia,2016,Storm
Taiwan (Province of China),Eastern Asia,2016,Extreme temperature
"Tanzania, United Republic of",Eastern Africa,2016,Earthquake
"Tanzania, United Republic of",Eastern Africa,2016,Flood
"Tanzania, United Republic of",Eastern Africa,2016,Flood
"Tanzania, United Republic of",Eastern Africa,2016,Flood
Uganda,Eastern Africa,2016,Earthquake
Uganda,Eastern Africa,2016,Flood
Uganda,Eastern Africa,2016,Landslide
Ukraine,Eastern Europe,2016,Extreme temperature
United States of America (the),Northern America,2016,Earthquake
United States of America (the),Northern America,2016,Wildfire
United States of America (the),Northern America,2016,Wildfire
United States of America (the),Northern America,2016,Wildfire
United States of America (the),Northern America,2016,Wildfire
United States of America (the),Northern America,2016,Flood
United States of America (the),Northern America,2016,Flood
Saint Vincent and the Grenadines,Caribbean,2016,Storm
Viet Nam,South-Eastern Asia,2016,Flood
Viet Nam,South-Eastern Asia,2016,Storm
Viet Nam,South-Eastern Asia,2016,Epidemic
Viet Nam,South-Eastern Asia,2016,Flood
Viet Nam,South-Eastern Asia,2016,Flood
Yemen,Western Asia,2016,Flood
Yemen,Western Asia,2016,Landslide
Yemen,Western Asia,2016,Epidemic
South Africa,Southern Africa,2016,Flood
South Africa,Southern Africa,2016,Extreme temperature
South Africa,Southern Africa,2016,Flood
Congo (the Democratic Republic of the),Middle Africa,2016,Flood
Congo (the Democratic Republic of the),Middle Africa,2016,Epidemic
Congo (the Democratic Republic of the),Middle Africa,2016,Epidemic
Serbia,Southern Europe,2016,Flood
Serbia,Southern Europe,2016,Flood
Timor-Leste,South-Eastern Asia,2016,Drought
South Sudan,Northern Africa,2016,Epidemic
South Sudan,Northern Africa,2016,Flood
Brazil,South America,2016,Epidemic
China,Eastern Asia,2016,Earthquake
China,Eastern Asia,2016,Earthquake
Colombia,South America,2016,Flood
Colombia,South America,2016,Epidemic
Côte d’Ivoire,Western Africa,2017,Flood
Austria,Western Europe,2017,Storm
Costa Rica,Central America,2017,Storm
Dominica,Caribbean,2017,Storm
Dominican Republic (the),Caribbean,2017,Storm
China,Eastern Asia,2017,Storm
China,Eastern Asia,2017,Flood
Colombia,South America,2017,Flood
Afghanistan,Southern Asia,2017,Storm
Afghanistan,Southern Asia,2017,Storm
China,Eastern Asia,2017,Flood
Albania,Southern Europe,2017,Flood
Bangladesh,Southern Asia,2017,Landslide
Brazil,South America,2017,Flood
Chile,South America,2017,Flood
Chile,South America,2017,Flood
China,Eastern Asia,2017,Earthquake
China,Eastern Asia,2017,Flood
China,Eastern Asia,2017,Flood
China,Eastern Asia,2017,Flood
Colombia,South America,2017,Flood
China,Eastern Asia,2017,Storm
Germany,Western Europe,2017,Storm
China,Eastern Asia,2017,Flood
Australia,Australia and New Zealand,2017,Wildfire
Canada,Northern America,2017,Wildfire
Australia,Australia and New Zealand,2017,Storm
Burundi,Eastern Africa,2017,Landslide
Chile,South America,2017,Landslide
China,Eastern Asia,2017,Storm
Colombia,South America,2017,Storm
Cuba,Caribbean,2017,Storm
Dominican Republic (the),Caribbean,2017,Storm
Angola,Middle Africa,2017,Drought
Afghanistan,Southern Asia,2017,Landslide
Afghanistan,Southern Asia,2017,Landslide
Albania,Southern Europe,2017,Extreme temperature
Belarus,Eastern Europe,2017,Extreme temperature
Algeria,Northern Africa,2017,Extreme temperature
Afghanistan,Southern Asia,2017,Flood
Angola,Middle Africa,2017,Flood
Anguilla,Caribbean,2017,Storm
United Arab Emirates (the),Western Asia,2017,Flood
Argentina,South America,2017,Flood
Argentina,South America,2017,Landslide
Argentina,South America,2017,Flood
Argentina,South America,2017,Flood
Antigua and Barbuda,Caribbean,2017,Storm
Australia,Australia and New Zealand,2017,Storm
Austria,Western Europe,2017,Storm
Burkina Faso,Western Africa,2017,Epidemic
Burkina Faso,Western Africa,2017,Flood
Bangladesh,Southern Asia,2017,Storm
Bangladesh,Southern Asia,2017,Flood
Bangladesh,Southern Asia,2017,Storm
Bangladesh,Southern Asia,2017,Epidemic
Bangladesh,Southern Asia,2017,Flood
Bahamas (the),Caribbean,2017,Storm
Brazil,South America,2017,Epidemic
Barbados,Caribbean,2017,Storm
Botswana,Southern Africa,2017,Flood
Central African Republic,Middle Africa,2017,Storm
Central African Republic,Middle Africa,2017,Flood
Canada,Northern America,2017,Flood
Canada,Northern America,2017,Flood
Switzerland,Western Europe,2017,Mass movement (dry)
Chile,South America,2017,Flood
China,Eastern Asia,2017,Storm
China,Eastern Asia,2017,Storm
China,Eastern Asia,2017,Storm
China,Eastern Asia,2017,Earthquake
China,Eastern Asia,2017,Earthquake
China,Eastern Asia,2017,Earthquake
China,Eastern Asia,2017,Landslide
China,Eastern Asia,2017,Landslide
China,Eastern Asia,2017,Landslide
China,Eastern Asia,2017,Landslide
China,Eastern Asia,2017,Storm
China,Eastern Asia,2017,Storm
China,Eastern Asia,2017,Storm
China,Eastern Asia,2017,Drought
China,Eastern Asia,2017,Flood
China,Eastern Asia,2017,Flood
China,Eastern Asia,2017,Flood
China,Eastern Asia,2017,Flood
China,Eastern Asia,2017,Flood
China,Eastern Asia,2017,Flood
Côte d’Ivoire,Western Africa,2017,Epidemic
Cameroon,Middle Africa,2017,Flood
Colombia,South America,2017,Landslide
Colombia,South America,2017,Landslide
Colombia,South America,2017,Flood
Colombia,South America,2017,Flood
Czech Republic (the),Eastern Europe,2017,Storm
Germany,Western Europe,2017,Storm
Germany,Western Europe,2017,Flood
Dominican Republic (the),Caribbean,2017,Storm
Albania,Southern Europe,2018,Flood
Brazil,South America,2018,Flood
Cuba,Caribbean,2018,Storm
Bangladesh,Southern Asia,2018,Flood
Bolivia (Plurinational State of),South America,2018,Flood
Colombia,South America,2018,Flood
Costa Rica,Central America,2018,Flood
Canada,Northern America,2018,Wildfire
Argentina,South America,2018,Flood
China,Eastern Asia,2018,Flood
China,Eastern Asia,2018,Flood
Colombia,South America,2018,Flood
China,Eastern Asia,2018,Storm
Argentina,South America,2018,Storm
China,Eastern Asia,2018,Storm
China,Eastern Asia,2018,Storm
China,Eastern Asia,2018,Storm
China,Eastern Asia,2018,Storm
Djibouti,Eastern Africa,2018,Storm
Afghanistan,Southern Asia,2018,Drought
Spain,Southern Europe,2018,Storm
Switzerland,Western Europe,2018,Storm
Germany,Western Europe,2018,Storm
Afghanistan,Southern Asia,2018,Flood
Afghanistan,Southern Asia,2018,Landslide
Afghanistan,Southern Asia,2018,Landslide
Afghanistan,Southern Asia,2018,Flood
Afghanistan,Southern Asia,2018,Flood
Angola,Middle Africa,2018,Flood
Angola,Middle Africa,2018,Epidemic
Argentina,South America,2018,Drought
Argentina,South America,2018,Flood
Argentina,South America,2018,Flood
Armenia,Western Asia,2018,Storm
Australia,Australia and New Zealand,2018,Extreme temperature
Australia,Australia and New Zealand,2018,Drought
Australia,Australia and New Zealand,2018,Flood
Burundi,Eastern Africa,2018,Flood
Burundi,Eastern Africa,2018,Flood
Burundi,Eastern Africa,2018,Flood
Belgium,Western Europe,2018,Storm
Belgium,Western Europe,2018,Extreme temperature
Bangladesh,Southern Asia,2018,Storm
Bangladesh,Southern Asia,2018,Extreme temperature
Bangladesh,Southern Asia,2018,Flood
Bulgaria,Eastern Europe,2018,Flood
Belarus,Eastern Europe,2018,Flood
Bolivia (Plurinational State of),South America,2018,Epidemic
Brazil,South America,2018,Landslide
Brazil,South America,2018,Flood
Botswana,Southern Africa,2018,Flood
Central African Republic,Middle Africa,2018,Epidemic
Canada,Northern America,2018,Storm
Canada,Northern America,2018,Extreme temperature
Canada,Northern America,2018,Flood
China,Eastern Asia,2018,Storm
China,Eastern Asia,2018,Storm
China,Eastern Asia,2018,Storm
China,Eastern Asia,2018,Earthquake
China,Eastern Asia,2018,Earthquake
China,Eastern Asia,2018,Storm
China,Eastern Asia,2018,Storm
China,Eastern Asia,2018,Storm
China,Eastern Asia,2018,Storm
China,Eastern Asia,2018,Flood
China,Eastern Asia,2018,Flood
China,Eastern Asia,2018,Flood
China,Eastern Asia,2018,Flood
China,Eastern Asia,2018,Flood
China,Eastern Asia,2018,Flood
Côte d’Ivoire,Western Africa,2018,Flood
Cameroon,Middle Africa,2018,Epidemic
Costa Rica,Central America,2018,Drought
Cuba,Caribbean,2018,Storm
Czech Republic (the),Eastern Europe,2018,Extreme temperature
Germany,Western Europe,2018,Extreme temperature
Dominican Republic (the),Caribbean,2018,Storm
Dominican Republic (the),Caribbean,2018,Flood
Algeria,Northern Africa,2018,Flood
Spain,Southern Europe,2018,Extreme temperature
Bolivia (Plurinational State of),South America,2019,Flood
Afghanistan,Southern Asia,2019,Flood
China,Eastern Asia,2019,Storm
Bangladesh,Southern Asia,2019,Flood
Afghanistan,Southern Asia,2019,Flood
Afghanistan,Southern Asia,2019,Flood
Bosnia and Herzegovina,Southern Europe,2019,Flood
Brazil,South America,2019,Flood
Brazil,South America,2019,Flood
Brazil,South America,2019,Flood
Colombia,South America,2019,Flood
Spain,Southern Europe,2019,Flood
Canada,Northern America,2019,Flood
Argentina,South America,2019,Flood
Brazil,South America,2019,Flood
Côte d’Ivoire,Western Africa,2019,Flood
Spain,Southern Europe,2019,Flood
Australia,Australia and New Zealand,2019,Wildfire
Comoros (the),Eastern Africa,2019,Storm
Ecuador,South America,2019,Landslide
Spain,Southern Europe,2019,Storm
Austria,Western Europe,2019,Storm
Switzerland,Western Europe,2019,Storm
Algeria,Northern Africa,2019,Extreme temperature
Afghanistan,Southern Asia,2019,Flood
Afghanistan,Southern Asia,2019,Flood
Afghanistan,Southern Asia,2019,Flood
Angola,Middle Africa,2019,Flood
Angola,Middle Africa,2019,Flood
Albania,Southern Europe,2019,Earthquake
Albania,Southern Europe,2019,Earthquake
Argentina,South America,2019,Flood
Argentina,South America,2019,Flood
Armenia,Western Asia,2019,Storm
Australia,Australia and New Zealand,2019,Flood
Austria,Western Europe,2019,Extreme temperature
Burundi,Eastern Africa,2019,Flood
Belgium,Western Europe,2019,Extreme temperature
Belgium,Western Europe,2019,Extreme temperature
Bangladesh,Southern Asia,2019,Storm
Bangladesh,Southern Asia,2019,Landslide
Bangladesh,Southern Asia,2019,Storm
Bahamas (the),Caribbean,2019,Storm
Bosnia and Herzegovina,Southern Europe,2019,Flood
Bolivia (Plurinational State of),South America,2019,Volcanic activity
Bolivia (Plurinational State of),South America,2019,Wildfire
Bolivia (Plurinational State of),South America,2019,Landslide
Bolivia (Plurinational State of),South America,2019,Flood
Brazil,South America,2019,Flood
Brazil,South America,2019,Wildfire
Chile,South America,2019,Earthquake
Chile,South America,2019,Flood
China,Eastern Asia,2019,Storm
China,Eastern Asia,2019,Earthquake
China,Eastern Asia,2019,Earthquake
China,Eastern Asia,2019,Earthquake
China,Eastern Asia,2019,Flood
China,Eastern Asia,2019,Flood
China,Eastern Asia,2019,Landslide
China,Eastern Asia,2019,Storm
China,Eastern Asia,2019,Storm
China,Eastern Asia,2019,Wildfire
China,Eastern Asia,2019,Landslide
China,Eastern Asia,2019,Flood
China,Eastern Asia,2019,Flood
China,Eastern Asia,2019,Flood
Congo (the),Middle Africa,2019,Epidemic
Congo (the),Middle Africa,2019,Epidemic
Congo (the),Middle Africa,2019,Epidemic
Colombia,South America,2019,Epidemic
Colombia,South America,2019,Flood
Colombia,South America,2019,Landslide
Costa Rica,Central America,2019,Epidemic
Cuba,Caribbean,2019,Storm
Germany,Western Europe,2019,Storm
Germany,Western Europe,2019,Extreme temperature
Germany,Western Europe,2019,Extreme temperature
Dominican Republic (the),Caribbean,2019,Epidemic
Ecuador,South America,2019,Earthquake
Ecuador,South America,2019,Earthquake
Ecuador,South America,2019,Flood
Spain,Southern Europe,2019,Extreme temperature
Cambodia,South-Eastern Asia,2015,Storm
Thailand,South-Eastern Asia,2015,Storm
Cambodia,South-Eastern Asia,2015,Flood
Indonesia,South-Eastern Asia,2016,Flood
Indonesia,South-Eastern Asia,2016,Flood
Mozambique,Eastern Africa,2016,Flood
Pakistan,Southern Asia,2016,Flood
Pakistan,Southern Asia,2016,Flood
Mozambique,Eastern Africa,2016,Storm
Iran (Islamic Republic of),Southern Asia,2016,Storm
India,Southern Asia,2016,Flood
Japan,Eastern Asia,2016,Extreme temperature
Sri Lanka,Southern Asia,2016,Drought
Mexico,Central America,2016,Flood
Nigeria,Western Africa,2016,Epidemic
Nigeria,Western Africa,2016,Epidemic
Peru,South America,2016,Epidemic
Philippines (the),South-Eastern Asia,2016,Earthquake
Korea (the Democratic People's Republic of),Eastern Asia,2016,Flood
Somalia,Eastern Africa,2016,Epidemic
Mexico,Central America,2017,Earthquake
Guatemala,Central America,2017,Storm
Honduras,Central America,2017,Storm
India,Southern Asia,2017,Storm
Italy,Southern Europe,2017,Storm
Japan,Eastern Asia,2017,Storm
Japan,Eastern Asia,2017,Storm
Sri Lanka,Southern Asia,2017,Storm
Macao,Eastern Asia,2017,Storm
Mexico,Central America,2017,Storm
Mexico,Central America,2017,Storm
Pakistan,Southern Asia,2017,Storm
Philippines (the),South-Eastern Asia,2017,Storm
Philippines (the),South-Eastern Asia,2017,Storm
Philippines (the),South-Eastern Asia,2017,Storm
Philippines (the),South-Eastern Asia,2017,Storm
Puerto Rico,Caribbean,2017,Storm
Italy,Southern Europe,2017,Storm
Philippines (the),South-Eastern Asia,2017,Storm
Portugal,Southern Europe,2017,Wildfire
Indonesia,South-Eastern Asia,2017,Storm
Mexico,Central America,2017,Storm
Philippines (the),South-Eastern Asia,2017,Storm
New Zealand,Australia and New Zealand,2017,Storm
Haiti,Caribbean,2017,Storm
Malaysia,South-Eastern Asia,2017,Storm
Pakistan,Southern Asia,2017,Landslide
Oman,Western Asia,2017,Flood
Mexico,Central America,2017,Earthquake
Greece,Southern Europe,2017,Earthquake
Greece,Southern Europe,2017,Flood
Honduras,Central America,2017,Flood
Haiti,Caribbean,2017,Flood
Indonesia,South-Eastern Asia,2017,Flood
Indonesia,South-Eastern Asia,2017,Flood
Indonesia,South-Eastern Asia,2017,Landslide
Indonesia,South-Eastern Asia,2017,Flood
Iran (Islamic Republic of),Southern Asia,2017,Flood
Japan,Eastern Asia,2017,Flood
Sri Lanka,Southern Asia,2017,Flood
Myanmar,South-Eastern Asia,2017,Flood
Martinique,Caribbean,2017,Storm
Nepal,Southern Asia,2017,Flood
Nepal,Southern Asia,2017,Flood
New Zealand,Australia and New Zealand,2017,Flood
Pakistan,Southern Asia,2017,Flood
Panama,Central America,2017,Storm
Peru,South America,2017,Flood
Peru,South America,2017,Flood
Philippines (the),South-Eastern Asia,2017,Earthquake
Philippines (the),South-Eastern Asia,2017,Flood
Sierra Leone,Western Africa,2017,Landslide
El Salvador,Central America,2017,Storm
Thailand,South-Eastern Asia,2017,Flood
Greece,Southern Europe,2017,Earthquake
Honduras,Central America,2017,Flood
Togo,Western Africa,2017,Flood
Thailand,South-Eastern Asia,2017,Flood
Russian Federation (the),Eastern Europe,2017,Storm
Spain,Southern Europe,2017,Wildfire
Guadeloupe,Caribbean,2017,Storm
Hong Kong,Eastern Asia,2017,Storm
Croatia,Southern Europe,2017,Storm
Haiti,Caribbean,2017,Storm
Hungary,Eastern Europe,2017,Storm
India,Southern Asia,2017,Storm
Macao,Eastern Asia,2017,Storm
Madagascar,Eastern Africa,2017,Storm
Mexico,Central America,2017,Storm
Mozambique,Eastern Africa,2017,Storm
Mauritania,Western Africa,2017,Storm
Nepal,Southern Asia,2017,Landslide
Puerto Rico,Caribbean,2017,Storm
Rwanda,Eastern Africa,2017,Storm
Turks and Caicos Islands (the),Caribbean,2017,Storm
Thailand,South-Eastern Asia,2017,Storm
Mauritania,Western Africa,2017,Drought
Niger (the),Western Africa,2017,Drought
Chad,Middle Africa,2017,Drought
Italy,Southern Europe,2017,Earthquake
Greece,Southern Europe,2017,Extreme temperature
Macedonia (the former Yugoslav Republic of),Southern Europe,2017,Extreme temperature
Spain,Southern Europe,2017,Wildfire
France,Western Europe,2017,Flood
France,Western Europe,2017,Storm
France,Western Europe,2017,Wildfire
United Kingdom of Great Britain and Northern Ireland (the),Northern Europe,2017,Flood
Ghana,Western Africa,2017,Storm
Ghana,Western Africa,2017,Flood
Guinea,Western Africa,2017,Epidemic
Guinea,Western Africa,2017,Flood
Guatemala,Central America,2017,Earthquake
Guatemala,Central America,2017,Flood
Guatemala,Central America,2017,Landslide
Guatemala,Central America,2017,Flood
Guatemala,Central America,2017,Flood
Guatemala,Central America,2017,Flood
Guyana,South America,2017,Flood
Hong Kong,Eastern Asia,2017,Storm
Honduras,Central America,2017,Flood
Croatia,Southern Europe,2017,Wildfire
Haiti,Caribbean,2017,Storm
Haiti,Caribbean,2017,Flood
Indonesia,South-Eastern Asia,2017,Earthquake
Indonesia,South-Eastern Asia,2017,Flood
Indonesia,South-Eastern Asia,2017,Flood
Indonesia,South-Eastern Asia,2017,Flood
Indonesia,South-Eastern Asia,2017,Landslide
Indonesia,South-Eastern Asia,2017,Flood
Indonesia,South-Eastern Asia,2017,Volcanic activity
India,Southern Asia,2017,Storm
India,Southern Asia,2017,Storm
India,Southern Asia,2017,Storm
India,Southern Asia,2017,Flood
India,Southern Asia,2017,Flood
India,Southern Asia,2017,Flood
India,Southern Asia,2017,Landslide
India,Southern Asia,2017,Landslide
India,Southern Asia,2017,Landslide
India,Southern Asia,2017,Extreme temperature
India,Southern Asia,2017,Flood
India,Southern Asia,2017,Flood
India,Southern Asia,2017,Flood
India,Southern Asia,2017,Flood
India,Southern Asia,2017,Flood
India,Southern Asia,2017,Flood
Ireland,Northern Europe,2017,Flood
Iran (Islamic Republic of),Southern Asia,2017,Earthquake
Iran (Islamic Republic of),Southern Asia,2017,Earthquake
Iran (Islamic Republic of),Southern Asia,2017,Earthquake
Iran (Islamic Republic of),Southern Asia,2017,Flood
Iraq,Western Asia,2017,Earthquake
Italy,Southern Europe,2017,Earthquake
Italy,Southern Europe,2017,Flood
Italy,Southern Europe,2017,Drought
Jamaica,Caribbean,2017,Storm
Japan,Eastern Asia,2017,Storm
Kazakhstan,Central Asia,2017,Flood
Kenya,Eastern Africa,2017,Flood
Kenya,Eastern Africa,2017,Epidemic
Kenya,Eastern Africa,2017,Epidemic
Kenya,Eastern Africa,2017,Epidemic
Kyrgyzstan,Central Asia,2017,Earthquake
Kyrgyzstan,Central Asia,2017,Landslide
Saint Kitts and Nevis,Caribbean,2017,Storm
Korea (the Republic of),Eastern Asia,2017,Earthquake
Lao People's Democratic Republic (the),South-Eastern Asia,2017,Storm
Sri Lanka,Southern Asia,2017,Epidemic
Sri Lanka,Southern Asia,2017,Flood
Morocco,Northern Africa,2017,Extreme temperature
Morocco,Northern Africa,2017,Extreme temperature
Madagascar,Eastern Africa,2017,Epidemic
Mexico,Central America,2017,Flood
Myanmar,South-Eastern Asia,2017,Storm
Mongolia,Eastern Asia,2017,Landslide
Mozambique,Eastern Africa,2017,Epidemic
Malawi,Eastern Africa,2017,Epidemic
Malawi,Eastern Africa,2017,Flood
Malaysia,South-Eastern Asia,2017,Flood
Malaysia,South-Eastern Asia,2017,Flood
Malaysia,South-Eastern Asia,2017,Flood
Namibia,Southern Africa,2017,Flood
Niger (the),Western Africa,2017,Flood
Niger (the),Western Africa,2017,Epidemic
Niger (the),Western Africa,2017,Epidemic
Niger (the),Western Africa,2017,Flood
Nigeria,Western Africa,2017,Epidemic
Nigeria,Western Africa,2017,Epidemic
Nigeria,Western Africa,2017,Flood
Nigeria,Western Africa,2017,Flood
Nicaragua,Central America,2017,Storm
Nicaragua,Central America,2017,Flood
Pakistan,Southern Asia,2017,Storm
Pakistan,Southern Asia,2017,Epidemic
Pakistan,Southern Asia,2017,Flood
Peru,South America,2017,Flood
Philippines (the),South-Eastern Asia,2017,Earthquake
Philippines (the),South-Eastern Asia,2017,Earthquake
Philippines (the),South-Eastern Asia,2017,Flood
Philippines (the),South-Eastern Asia,2017,Storm
Philippines (the),South-Eastern Asia,2017,Storm
Philippines (the),South-Eastern Asia,2017,Flood
Poland,Eastern Europe,2017,Storm
Korea (the Democratic People's Republic of),Eastern Asia,2017,Epidemic
Korea (the Democratic People's Republic of),Eastern Asia,2017,Drought
Portugal,Southern Europe,2017,Wildfire
French Polynesia,Polynesia,2017,Flood
Romania,Eastern Europe,2017,Storm
Russian Federation (the),Eastern Europe,2017,Flood
Rwanda,Eastern Africa,2017,Storm
Saudi Arabia,Western Asia,2017,Flood
Sudan (the),Northern Africa,2017,Flood
Sudan (the),Northern Africa,2017,Epidemic
Somalia,Eastern Africa,2017,Epidemic
Slovakia,Eastern Europe,2017,Storm
Chad,Middle Africa,2017,Epidemic
Thailand,South-Eastern Asia,2017,Flood
Thailand,South-Eastern Asia,2017,Flood
Thailand,South-Eastern Asia,2017,Storm
Tajikistan,Central Asia,2017,Landslide
Tajikistan,Central Asia,2017,Epidemic
France,Western Europe,2018,Storm
Italy,Southern Europe,2018,Storm
Madagascar,Eastern Africa,2018,Storm
Philippines (the),South-Eastern Asia,2018,Storm
Philippines (the),South-Eastern Asia,2018,Storm
Philippines (the),South-Eastern Asia,2018,Storm
Puerto Rico,Caribbean,2018,Storm
Indonesia,South-Eastern Asia,2018,Earthquake
India,Southern Asia,2018,Flood
India,Southern Asia,2018,Storm
India,Southern Asia,2018,Storm
Guatemala,Central America,2018,Flood
Honduras,Central America,2018,Flood
Croatia,Southern Europe,2018,Flood
Indonesia,South-Eastern Asia,2018,Flood
Indonesia,South-Eastern Asia,2018,Flood
Indonesia,South-Eastern Asia,2018,Flood
Indonesia,South-Eastern Asia,2018,Flood
Indonesia,South-Eastern Asia,2018,Flood
India,Southern Asia,2018,Storm
India,Southern Asia,2018,Flood
Iran (Islamic Republic of),Southern Asia,2018,Flood
Japan,Eastern Asia,2018,Earthquake
Japan,Eastern Asia,2018,Flood
Sri Lanka,Southern Asia,2018,Flood
Sri Lanka,Southern Asia,2018,Flood
Myanmar,South-Eastern Asia,2018,Flood
Nicaragua,Central America,2018,Flood
Philippines (the),South-Eastern Asia,2018,Storm
Philippines (the),South-Eastern Asia,2018,Storm
Papua New Guinea,Melanesia,2018,Earthquake
Romania,Eastern Europe,2018,Flood
Rwanda,Eastern Africa,2018,Flood
Rwanda,Eastern Africa,2018,Landslide
Rwanda,Eastern Africa,2018,Flood
El Salvador,Central America,2018,Flood
Indonesia,South-Eastern Asia,2018,Earthquake
Indonesia,South-Eastern Asia,2018,Volcanic activity
Italy,Southern Europe,2018,Volcanic activity
Ghana,Western Africa,2018,Flood
Kenya,Eastern Africa,2018,Flood
Lao People's Democratic Republic (the),South-Eastern Asia,2018,Flood
Myanmar,South-Eastern Asia,2018,Flood
Guatemala,Central America,2018,Volcanic activity
Russian Federation (the),Eastern Europe,2018,Flood
Greece,Southern Europe,2018,Wildfire
Latvia,Northern Europe,2018,Wildfire
Portugal,Southern Europe,2018,Wildfire
El Salvador,Central America,2018,Drought
Sweden,Northern Europe,2018,Wildfire
India,Southern Asia,2018,Extreme temperature
Korea (the Democratic People's Republic of),Eastern Asia,2018,Extreme temperature
Fiji,Melanesia,2018,Storm
Indonesia,South-Eastern Asia,2018,Landslide
Ireland,Northern Europe,2018,Storm
Japan,Eastern Asia,2018,Storm
Japan,Eastern Asia,2018,Storm
Lao People's Democratic Republic (the),South-Eastern Asia,2018,Storm
Lao People's Democratic Republic (the),South-Eastern Asia,2018,Storm
Madagascar,Eastern Africa,2018,Storm
Mexico,Central America,2018,Storm
Mauritius,Eastern Africa,2018,Storm
Oman,Western Asia,2018,Storm
Oman,Western Asia,2018,Storm
Philippines (the),South-Eastern Asia,2018,Storm
Korea (the Democratic People's Republic of),Eastern Asia,2018,Storm
Réunion,Eastern Africa,2018,Storm
Solomon Islands,Melanesia,2018,Storm
Somalia,Eastern Africa,2018,Storm
Madagascar,Eastern Africa,2018,Drought
United Kingdom of Great Britain and Northern Ireland (the),Northern Europe,2018,Storm
Morocco,Northern Africa,2018,Extreme temperature
Spain,Southern Europe,2018,Wildfire
Spain,Southern Europe,2018,Flood
Estonia,Northern Europe,2018,Extreme temperature
Ethiopia,Eastern Africa,2018,Landslide
Ethiopia,Eastern Africa,2018,Landslide
Ethiopia,Eastern Africa,2018,Epidemic
Fiji,Melanesia,2018,Storm
France,Western Europe,2018,Storm
France,Western Europe,2018,Storm
France,Western Europe,2018,Extreme temperature
France,Western Europe,2018,Extreme temperature
France,Western Europe,2018,Flood
France,Western Europe,2018,Flood
United Kingdom of Great Britain and Northern Ireland (the),Northern Europe,2018,Extreme temperature
Georgia,Western Asia,2018,Flood
Guinea-Bissau,Western Africa,2018,Storm
Guatemala,Central America,2018,Flood
Guatemala,Central America,2018,Drought
Hong Kong,Eastern Asia,2018,Storm
Honduras,Central America,2018,Drought
Haiti,Caribbean,2018,Earthquake
Indonesia,South-Eastern Asia,2018,Earthquake
Indonesia,South-Eastern Asia,2018,Earthquake
Indonesia,South-Eastern Asia,2018,Earthquake
Indonesia,South-Eastern Asia,2018,Volcanic activity
Indonesia,South-Eastern Asia,2018,Landslide
Indonesia,South-Eastern Asia,2018,Flood
India,Southern Asia,2018,Storm
India,Southern Asia,2018,Storm
India,Southern Asia,2018,Storm
India,Southern Asia,2018,Storm
India,Southern Asia,2018,Storm
India,Southern Asia,2018,Storm
India,Southern Asia,2018,Flood
India,Southern Asia,2018,Storm
India,Southern Asia,2018,Storm
India,Southern Asia,2018,Wildfire
India,Southern Asia,2018,Drought
India,Southern Asia,2018,Flood
India,Southern Asia,2018,Flood
India,Southern Asia,2018,Flood
India,Southern Asia,2018,Flood
India,Southern Asia,2018,Flood
India,Southern Asia,2018,Flood
Iran (Islamic Republic of),Southern Asia,2018,Earthquake
Iran (Islamic Republic of),Southern Asia,2018,Earthquake
Iran (Islamic Republic of),Southern Asia,2018,Earthquake
Iraq,Western Asia,2018,Flood
Israel,Western Asia,2018,Flood
Italy,Southern Europe,2018,Flood
Italy,Southern Europe,2018,Extreme temperature
Italy,Southern Europe,2018,Extreme temperature
Jordan,Western Asia,2018,Flood
Jordan,Western Asia,2018,Flood
Japan,Eastern Asia,2018,Earthquake
Japan,Eastern Asia,2018,Storm
Japan,Eastern Asia,2018,Extreme temperature
Kazakhstan,Central Asia,2018,Flood
Kenya,Eastern Africa,2018,Flood
Kenya,Eastern Africa,2018,Flood
Cambodia,South-Eastern Asia,2018,Flood
Korea (the Republic of),Eastern Asia,2018,Extreme temperature
Kuwait,Western Asia,2018,Flood
Lebanon,Western Asia,2018,Storm
Sri Lanka,Southern Asia,2018,Flood
Lithuania,Northern Europe,2018,Extreme temperature
Lithuania,Northern Europe,2018,Drought
Madagascar,Eastern Africa,2018,Epidemic
Mexico,Central America,2018,Earthquake
Mexico,Central America,2018,Flood
Mexico,Central America,2018,Storm
Marshall Islands (the),Micronesia,2018,Storm
Mali,Western Africa,2018,Flood
Myanmar,South-Eastern Asia,2018,Mass movement (dry)
Myanmar,South-Eastern Asia,2018,Landslide
Myanmar,South-Eastern Asia,2018,Flood
Mongolia,Eastern Asia,2018,Storm
Mongolia,Eastern Asia,2018,Flood
Mongolia,Eastern Asia,2018,Extreme temperature
Mozambique,Eastern Africa,2018,Landslide
Mozambique,Eastern Africa,2018,Flood
Mauritania,Western Africa,2018,Drought
Malawi,Eastern Africa,2018,Flood
Malawi,Eastern Africa,2018,Flood
Malawi,Eastern Africa,2018,Flood
Malaysia,South-Eastern Asia,2018,Flood
Malaysia,South-Eastern Asia,2018,Flood
Niger (the),Western Africa,2018,Epidemic
Niger (the),Western Africa,2018,Flood
Nigeria,Western Africa,2018,Epidemic
Nigeria,Western Africa,2018,Flood
Nigeria,Western Africa,2018,Flood
Nicaragua,Central America,2018,Drought
Netherlands (the),Western Europe,2018,Storm
Netherlands (the),Western Europe,2018,Extreme temperature
Nepal,Southern Asia,2018,Flood
Nepal,Southern Asia,2018,Extreme temperature
New Zealand,Australia and New Zealand,2018,Flood
Pakistan,Southern Asia,2018,Extreme temperature
Pakistan,Southern Asia,2018,Flood
Panama,Central America,2018,Drought
Peru,South America,2018,Earthquake
Philippines (the),South-Eastern Asia,2018,Volcanic activity
Philippines (the),South-Eastern Asia,2018,Storm
Philippines (the),South-Eastern Asia,2018,Storm
Philippines (the),South-Eastern Asia,2018,Epidemic
Philippines (the),South-Eastern Asia,2018,Epidemic
Philippines (the),South-Eastern Asia,2018,Flood
Palau,Micronesia,2018,Epidemic
Papua New Guinea,Melanesia,2018,Earthquake
Papua New Guinea,Melanesia,2018,Earthquake
Papua New Guinea,Melanesia,2018,Volcanic activity
Poland,Eastern Europe,2018,Extreme temperature
Poland,Eastern Europe,2018,Drought
Puerto Rico,Caribbean,2018,Flood
Korea (the Democratic People's Republic of),Eastern Asia,2018,Flood
Portugal,Southern Europe,2018,Storm
Portugal,Southern Europe,2018,Extreme temperature
Paraguay,South America,2018,Flood
Paraguay,South America,2018,Flood
Qatar,Western Asia,2018,Flood
Romania,Eastern Europe,2018,Flood
Romania,Eastern Europe,2018,Extreme temperature
Russian Federation (the),Eastern Europe,2018,Flood
Rwanda,Eastern Africa,2018,Flood
Sudan (the),Northern Africa,2018,Flood
Sudan (the),Northern Africa,2018,Flood
Sudan (the),Northern Africa,2018,Flood
El Salvador,Central America,2018,Earthquake
Somalia,Eastern Africa,2018,Flood
Chad,Middle Africa,2018,Epidemic
Madagascar,Eastern Africa,2019,Flood
Peru,South America,2019,Flood
Morocco,Northern Africa,2019,Landslide
Russian Federation (the),Eastern Europe,2019,Flood
India,Southern Asia,2019,Storm
Mexico,Central America,2019,Flood
Romania,Eastern Europe,2019,Flood
Iraq,Western Asia,2019,Flood
Guatemala,Central America,2019,Storm
Guatemala,Central America,2019,Storm
Mongolia,Eastern Asia,2019,Extreme temperature
Lebanon,Western Asia,2019,Storm
Spain,Southern Europe,2019,Flood
Indonesia,South-Eastern Asia,2019,Flood
Indonesia,South-Eastern Asia,2019,Flood
Indonesia,South-Eastern Asia,2019,Flood
India,Southern Asia,2019,Flood
India,Southern Asia,2019,Flood
Iran (Islamic Republic of),Southern Asia,2019,Flood
Japan,Eastern Asia,2019,Earthquake
Japan,Eastern Asia,2019,Flood
Japan,Eastern Asia,2019,Flood
Kenya,Eastern Africa,2019,Flood
Sri Lanka,Southern Asia,2019,Flood
Sri Lanka,Southern Asia,2019,Flood
Myanmar,South-Eastern Asia,2019,Flood
Mozambique,Eastern Africa,2019,Storm
Nepal,Southern Asia,2019,Flood
Pakistan,Southern Asia,2019,Flood
Pakistan,Southern Asia,2019,Flood
Pakistan,Southern Asia,2019,Flood
Pakistan,Southern Asia,2019,Flood
Pakistan,Southern Asia,2019,Flood
Peru,South America,2019,Flood
Papua New Guinea,Melanesia,2019,Flood
Sierra Leone,Western Africa,2019,Flood
El Salvador,Central America,2019,Earthquake
Tajikistan,Central Asia,2019,Flood
Chad,Middle Africa,2019,Landslide
Indonesia,South-Eastern Asia,2019,Earthquake
India,Southern Asia,2019,Flood
Spain,Southern Europe,2019,Flood
Moldova (the Republic of),Eastern Europe,2019,Extreme temperature
Indonesia,South-Eastern Asia,2019,Landslide
India,Southern Asia,2019,Storm
Japan,Eastern Asia,2019,Storm
Mexico,Central America,2019,Storm
Kenya,Eastern Africa,2019,Drought
Namibia,Southern Africa,2019,Drought
Pakistan,Southern Asia,2019,Drought
Korea (the Democratic People's Republic of),Eastern Asia,2019,Drought
Somalia,Eastern Africa,2019,Drought
Myanmar,South-Eastern Asia,2019,Landslide
Morocco,Northern Africa,2019,Flood
Poland,Eastern Europe,2019,Storm
Ethiopia,Eastern Africa,2019,Flood
Ethiopia,Eastern Africa,2019,Landslide
Ethiopia,Eastern Africa,2019,Epidemic
France,Western Europe,2019,Storm
France,Western Europe,2019,Extreme temperature
France,Western Europe,2019,Extreme temperature
France,Western Europe,2019,Flood
Micronesia (Federated States of),Micronesia,2019,Storm
United Kingdom of Great Britain and Northern Ireland (the),Northern Europe,2019,Extreme temperature
Georgia,Western Asia,2019,Flood
Ghana,Western Africa,2019,Flood
Ghana,Western Africa,2019,Flood
Greece,Southern Europe,2019,Storm
Guatemala,Central America,2019,Epidemic
Honduras,Central America,2019,Epidemic
Croatia,Southern Europe,2019,Flood
Haiti,Caribbean,2019,Flood
Haiti,Caribbean,2019,Flood
Hungary,Eastern Europe,2019,Storm
Indonesia,South-Eastern Asia,2019,Earthquake
Indonesia,South-Eastern Asia,2019,Earthquake
Indonesia,South-Eastern Asia,2019,Earthquake
Indonesia,South-Eastern Asia,2019,Earthquake
Indonesia,South-Eastern Asia,2019,Flood
Indonesia,South-Eastern Asia,2019,Landslide
Indonesia,South-Eastern Asia,2019,Flood
Indonesia,South-Eastern Asia,2019,Flood
Indonesia,South-Eastern Asia,2019,Flood
India,Southern Asia,2019,Storm
India,Southern Asia,2019,Storm
India,Southern Asia,2019,Extreme temperature
India,Southern Asia,2019,Extreme temperature
India,Southern Asia,2019,Epidemic
India,Southern Asia,2019,Epidemic
India,Southern Asia,2019,Flood
Iran (Islamic Republic of),Southern Asia,2019,Earthquake
Iran (Islamic Republic of),Southern Asia,2019,Flood
Iran (Islamic Republic of),Southern Asia,2019,Flood
Italy,Southern Europe,2019,Extreme temperature
Italy,Southern Europe,2019,Flood
Japan,Eastern Asia,2019,Storm
Japan,Eastern Asia,2019,Storm
Japan,Eastern Asia,2019,Extreme temperature
Japan,Eastern Asia,2019,Extreme temperature
Japan,Eastern Asia,2019,Flood
Kenya,Eastern Africa,2019,Epidemic
Cambodia,South-Eastern Asia,2019,Flood
Korea (the Republic of),Eastern Asia,2019,Storm
Korea (the Republic of),Eastern Asia,2019,Storm
Korea (the Republic of),Eastern Asia,2019,Storm
Korea (the Republic of),Eastern Asia,2019,Wildfire
Lao People's Democratic Republic (the),South-Eastern Asia,2019,Drought
Lao People's Democratic Republic (the),South-Eastern Asia,2019,Flood
Libya,Northern Africa,2019,Flood
Sri Lanka,Southern Asia,2019,Epidemic
Sri Lanka,Southern Asia,2019,Drought
Luxembourg,Western Europe,2019,Storm
Morocco,Northern Africa,2019,Flood
Madagascar,Eastern Africa,2019,Storm
Maldives,Southern Asia,2019,Flood
Mexico,Central America,2019,Storm
Mexico,Central America,2019,Flood
Mali,Western Africa,2019,Flood
Mali,Western Africa,2019,Flood
Myanmar,South-Eastern Asia,2019,Flood
Mongolia,Eastern Asia,2019,Storm
Mongolia,Eastern Asia,2019,Flood
Mozambique,Eastern Africa,2019,Storm
Mozambique,Eastern Africa,2019,Epidemic
Mozambique,Eastern Africa,2019,Flood
Mozambique,Eastern Africa,2019,Flood
Mauritania,Western Africa,2019,Flood
Malawi,Eastern Africa,2019,Landslide
Malawi,Eastern Africa,2019,Flood
Malawi,Eastern Africa,2019,Flood
Malaysia,South-Eastern Asia,2019,Flood
Niger (the),Western Africa,2019,Flood
Niger (the),Western Africa,2019,Flood
Nigeria,Western Africa,2019,Epidemic
Nigeria,Western Africa,2019,Epidemic
Nigeria,Western Africa,2019,Epidemic
Nigeria,Western Africa,2019,Flood
Nigeria,Western Africa,2019,Flood
Nigeria,Western Africa,2019,Flood
Nicaragua,Central America,2019,Epidemic
Netherlands (the),Western Europe,2019,Extreme temperature
Norway,Northern Europe,2019,Landslide
Nepal,Southern Asia,2019,Storm
Oman,Western Asia,2019,Flood
Pakistan,Southern Asia,2019,Earthquake
Pakistan,Southern Asia,2019,Flood
Pakistan,Southern Asia,2019,Storm
Pakistan,Southern Asia,2019,Flood
Pakistan,Southern Asia,2019,Flood
Peru,South America,2019,Earthquake
Peru,South America,2019,Volcanic activity
Peru,South America,2019,Wildfire
Peru,South America,2019,Landslide
Philippines (the),South-Eastern Asia,2019,Earthquake
Philippines (the),South-Eastern Asia,2019,Earthquake
Philippines (the),South-Eastern Asia,2019,Earthquake
Philippines (the),South-Eastern Asia,2019,Earthquake
Philippines (the),South-Eastern Asia,2019,Storm
Philippines (the),South-Eastern Asia,2019,Storm
Philippines (the),South-Eastern Asia,2019,Storm
Philippines (the),South-Eastern Asia,2019,Epidemic
Philippines (the),South-Eastern Asia,2019,Epidemic
Philippines (the),South-Eastern Asia,2019,Drought
Philippines (the),South-Eastern Asia,2019,Flood
Papua New Guinea,Melanesia,2019,Earthquake
Papua New Guinea,Melanesia,2019,Volcanic activity
Papua New Guinea,Melanesia,2019,Landslide
Korea (the Democratic People's Republic of),Eastern Asia,2019,Storm
Paraguay,South America,2019,Flood
Paraguay,South America,2019,Flood
Paraguay,South America,2019,Wildfire
Paraguay,South America,2019,Flood
Russian Federation (the),Eastern Europe,2019,Wildfire
Russian Federation (the),Eastern Europe,2019,Flood
Russian Federation (the),Eastern Europe,2019,Flood
Russian Federation (the),Eastern Europe,2019,Flood
Saudi Arabia,Western Asia,2019,Flood
Saudi Arabia,Western Asia,2019,Flood
Sudan (the),Northern Africa,2019,Flood
Sudan (the),Northern Africa,2019,Flood
Sierra Leone,Western Africa,2019,Flood
El Salvador,Central America,2019,Epidemic
Somalia,Eastern Africa,2019,Flood
Slovakia,Eastern Europe,2019,Storm
Syrian Arab Republic,Western Asia,2019,Flood
Chad,Middle Africa,2019,Flood
Thailand,South-Eastern Asia,2019,Storm
Thailand,South-Eastern Asia,2019,Drought
Thailand,South-Eastern Asia,2019,Flood
Viet Nam,South-Eastern Asia,2015,Storm
Viet Nam,South-Eastern Asia,2016,Flood
United States of America (the),Northern America,2016,Storm
Zimbabwe,Eastern Africa,2016,Storm
United States of America (the),Northern America,2016,Storm
United States of America (the),Northern America,2016,Flood
Venezuela (Bolivarian Republic of),South America,2016,Flood
Vanuatu,Melanesia,2016,Epidemic
South Sudan,Northern Africa,2016,Epidemic
Tajikistan,Central Asia,2017,Flood
United States of America (the),Northern America,2017,Storm
Virgin Island (U.S.),Caribbean,2017,Storm
United States of America (the),Northern America,2017,Flood
United States of America (the),Northern America,2017,Storm
Ukraine,Eastern Europe,2017,Extreme temperature
United States of America (the),Northern America,2017,Storm
South Africa,Southern Africa,2017,Storm
United States of America (the),Northern America,2017,Storm
Zimbabwe,Eastern Africa,2017,Storm
Turkey,Western Asia,2017,Storm
United States of America (the),Northern America,2017,Storm
United States of America (the),Northern America,2017,Storm
United States of America (the),Northern America,2017,Storm
United States of America (the),Northern America,2017,Storm
Taiwan (Province of China),Eastern Asia,2017,Flood
Viet Nam,South-Eastern Asia,2017,Flood
Viet Nam,South-Eastern Asia,2017,Flood
Viet Nam,South-Eastern Asia,2017,Flood
Viet Nam,South-Eastern Asia,2017,Flood
Turkey,Western Asia,2017,Earthquake
United States of America (the),Northern America,2017,Storm
United States of America (the),Northern America,2017,Storm
United States of America (the),Northern America,2017,Storm
United States of America (the),Northern America,2017,Storm
Tunisia,Northern Africa,2017,Wildfire
Taiwan (Province of China),Eastern Asia,2017,Storm
United States of America (the),Northern America,2017,Storm
Virgin Island (U.S.),Caribbean,2017,Storm
Viet Nam,South-Eastern Asia,2017,Storm
South Africa,Southern Africa,2017,Storm
Saint Barthélemy,Caribbean,2017,Storm
Serbia,Southern Europe,2017,Extreme temperature
"Tanzania, United Republic of",Eastern Africa,2017,Flood
Uganda,Eastern Africa,2017,Flood
Uganda,Eastern Africa,2017,Epidemic
Uruguay,South America,2017,Flood
United States of America (the),Northern America,2017,Storm
United States of America (the),Northern America,2017,Storm
United States of America (the),Northern America,2017,Flood
United States of America (the),Northern America,2017,Flood
United States of America (the),Northern America,2017,Storm
United States of America (the),Northern America,2017,Storm
United States of America (the),Northern America,2017,Wildfire
United States of America (the),Northern America,2017,Wildfire
United States of America (the),Northern America,2017,Drought
United States of America (the),Northern America,2017,Wildfire
Virgin Island (British),Caribbean,2017,Storm
Virgin Island (British),Caribbean,2017,Storm
Viet Nam,South-Eastern Asia,2017,Storm
Viet Nam,South-Eastern Asia,2017,Storm
Viet Nam,South-Eastern Asia,2017,Storm
Viet Nam,South-Eastern Asia,2017,Flood
Vanuatu,Melanesia,2017,Volcanic activity
Vanuatu,Melanesia,2017,Storm
Yemen,Western Asia,2017,Epidemic
Yemen,Western Asia,2017,Epidemic
Yemen,Western Asia,2017,Flood
South Africa,Southern Africa,2017,Drought
South Africa,Southern Africa,2017,Flood
South Africa,Southern Africa,2017,Wildfire
Congo (the Democratic Republic of the),Middle Africa,2017,Landslide
Congo (the Democratic Republic of the),Middle Africa,2017,Epidemic
Congo (the Democratic Republic of the),Middle Africa,2017,Flood
Zambia,Eastern Africa,2017,Epidemic
Montenegro,Southern Europe,2017,Wildfire
Saint Martin (French Part),Caribbean,2017,Storm
Sint Maarten (Dutch part),Caribbean,2017,Storm
Viet Nam,South-Eastern Asia,2018,Storm
Viet Nam,South-Eastern Asia,2018,Storm
Congo (the Democratic Republic of the),Middle Africa,2018,Flood
United States of America (the),Northern America,2018,Storm
Trinidad and Tobago,Caribbean,2018,Flood
United States of America (the),Northern America,2018,Flood
Viet Nam,South-Eastern Asia,2018,Flood
Viet Nam,South-Eastern Asia,2018,Flood
United States of America (the),Northern America,2018,Volcanic activity
Vanuatu,Melanesia,2018,Volcanic activity
United States of America (the),Northern America,2018,Wildfire
United States of America (the),Northern America,2018,Storm
United States of America (the),Northern America,2018,Storm
United States of America (the),Northern America,2018,Flood
United States of America (the),Northern America,2018,Storm
Tonga,Polynesia,2018,Storm
Taiwan (Province of China),Eastern Asia,2018,Storm
Uganda,Eastern Africa,2018,Landslide
United States of America (the),Northern America,2018,Storm
United States of America (the),Northern America,2018,Storm
United States of America (the),Northern America,2018,Landslide
Viet Nam,South-Eastern Asia,2018,Storm
Samoa,Polynesia,2018,Storm
Yemen,Western Asia,2018,Storm
Yemen,Western Asia,2018,Storm
United States of America (the),Northern America,2018,Storm
Turkey,Western Asia,2018,Landslide
United States of America (the),Northern America,2018,Storm
Serbia,Southern Europe,2018,Flood
Tajikistan,Central Asia,2018,Flood
Tunisia,Northern Africa,2018,Flood
Tunisia,Northern Africa,2018,Flood
Taiwan (Province of China),Eastern Asia,2018,Earthquake
"Tanzania, United Republic of",Eastern Africa,2018,Flood
Uganda,Eastern Africa,2018,Epidemic
Ukraine,Eastern Europe,2018,Storm
Uruguay,South America,2018,Drought
United States of America (the),Northern America,2018,Storm
United States of America (the),Northern America,2018,Flood
United States of America (the),Northern America,2018,Storm
United States of America (the),Northern America,2018,Storm
United States of America (the),Northern America,2018,Wildfire
United States of America (the),Northern America,2018,Drought
United States of America (the),Northern America,2018,Wildfire
Venezuela (Bolivarian Republic of),South America,2018,Flood
Venezuela (Bolivarian Republic of),South America,2018,Flood
Viet Nam,South-Eastern Asia,2018,Flood
Viet Nam,South-Eastern Asia,2018,Storm
Congo (the Democratic Republic of the),Middle Africa,2018,Epidemic
Congo (the Democratic Republic of the),Middle Africa,2018,Epidemic
Zimbabwe,Eastern Africa,2018,Epidemic
Northern Mariana Islands (the),Micronesia,2018,Storm
Hungary,Eastern Europe,2018,Extreme temperature
United States of America (the),Northern America,2019,Flood
Italy,Southern Europe,2019,Storm
Philippines (the),South-Eastern Asia,2019,Storm
Philippines (the),South-Eastern Asia,2019,Storm
Somalia,Eastern Africa,2019,Storm
Italy,Southern Europe,2019,Storm
Australia,Australia and New Zealand,2019,Wildfire
France,Western Europe,2019,Storm
Italy,Southern Europe,2019,Storm
Madagascar,Eastern Africa,2019,Storm
United States of America (the),Northern America,2019,Storm
Uganda,Eastern Africa,2019,Landslide
United States of America (the),Northern America,2019,Storm
Turkey,Western Asia,2019,Flood
United States of America (the),Northern America,2019,Flood
Viet Nam,South-Eastern Asia,2019,Flood
Viet Nam,South-Eastern Asia,2019,Flood
Viet Nam,South-Eastern Asia,2019,Flood
Yemen,Western Asia,2019,Flood
South Africa,Southern Africa,2019,Flood
Burundi,Eastern Africa,2019,Flood
Brazil,South America,2019,Flood
Brazil,South America,2019,Flood
China,Eastern Asia,2019,Flood
Djibouti,Eastern Africa,2019,Flood
France,Western Europe,2019,Flood
Indonesia,South-Eastern Asia,2019,Flood
Indonesia,South-Eastern Asia,2019,Flood
Sri Lanka,Southern Asia,2019,Flood
Peru,South America,2019,Flood
Uganda,Eastern Africa,2019,Flood
Uganda,Eastern Africa,2019,Flood
Indonesia,South-Eastern Asia,2019,Wildfire
United States of America (the),Northern America,2019,Storm
United States of America (the),Northern America,2019,Storm
United States of America (the),Northern America,2019,Flood
South Africa,Southern Africa,2019,Flood
Mozambique,Eastern Africa,2019,Flood
United States of America (the),Northern America,2019,Storm
Uganda,Eastern Africa,2019,Landslide
United States of America (the),Northern America,2019,Storm
United States of America (the),Northern America,2019,Storm
United States of America (the),Northern America,2019,Storm
Zimbabwe,Eastern Africa,2019,Storm
Canada,Northern America,2019,Storm
France,Western Europe,2019,Storm
France,Western Europe,2019,Storm
Kenya,Eastern Africa,2019,Landslide
Mexico,Central America,2019,Storm
Botswana,Southern Africa,2019,Drought
Ethiopia,Eastern Africa,2019,Insect infestation
Kenya,Eastern Africa,2019,Insect infestation
Sudan (the),Northern Africa,2019,Insect infestation
Somalia,Eastern Africa,2019,Insect infestation
Uganda,Eastern Africa,2019,Insect infestation
Zimbabwe,Eastern Africa,2019,Drought
United States of America (the),Northern America,2019,Storm
Turkey,Western Asia,2019,Earthquake
Turkey,Western Asia,2019,Flood
Turkey,Western Asia,2019,Flood
Taiwan (Province of China),Eastern Asia,2019,Storm
"Tanzania, United Republic of",Eastern Africa,2019,Storm
"Tanzania, United Republic of",Eastern Africa,2019,Epidemic
"Tanzania, United Republic of",Eastern Africa,2019,Flood
"Tanzania, United Republic of",Eastern Africa,2019,Flood
"Tanzania, United Republic of",Eastern Africa,2019,Flood
Uganda,Eastern Africa,2019,Flood
Uganda,Eastern Africa,2019,Flood
Uruguay,South America,2019,Flood
Uruguay,South America,2019,Flood
United States of America (the),Northern America,2019,Storm
United States of America (the),Northern America,2019,Storm
United States of America (the),Northern America,2019,Earthquake
United States of America (the),Northern America,2019,Storm
United States of America (the),Northern America,2019,Wildfire
United States of America (the),Northern America,2019,Flood
Viet Nam,South-Eastern Asia,2019,Drought
Viet Nam,South-Eastern Asia,2019,Flood
Viet Nam,South-Eastern Asia,2019,Flood
Yemen,Western Asia,2019,Flood
Yemen,Western Asia,2019,Epidemic
Yemen,Western Asia,2019,Flood
South Africa,Southern Africa,2019,Flood
Congo (the Democratic Republic of the),Middle Africa,2019,Landslide
Zambia,Eastern Africa,2019,Flood
Zimbabwe,Eastern Africa,2019,Flood
Serbia,Southern Europe,2019,Flood
South Sudan,Northern Africa,2019,Flood
South Sudan,Northern Africa,2019,Epidemic
South Sudan,Northern Africa,2019,Wildfire
South Sudan,Northern Africa,2019,Flood
Afghanistan,Southern Asia,2019,Landslide
Angola,Middle Africa,2019,Flood
Albania,Southern Europe,2019,Earthquake
Argentina,South America,2019,Drought
Burundi,Eastern Africa,2019,Landslide
Belgium,Western Europe,2019,Extreme temperature
Benin,Western Africa,2019,Epidemic
Bangladesh,Southern Asia,2019,Storm
Bangladesh,Southern Asia,2019,Extreme temperature
Central African Republic,Middle Africa,2019,Epidemic
Central African Republic,Middle Africa,2019,Flood
Chile,South America,2019,Wildfire
China,Eastern Asia,2019,Earthquake
Cameroon,Middle Africa,2019,Landslide
Congo (the),Middle Africa,2019,Flood
Congo (the),Middle Africa,2019,Flood
Colombia,South America,2019,Flood
Colombia,South America,2019,Flood
Colombia,South America,2019,Flood
Comoros (the),Eastern Africa,2019,Storm
Djibouti,Eastern Africa,2019,Insect infestation
Eritrea,Eastern Africa,2019,Insect infestation
Spain,Southern Europe,2019,Storm
Spain,Southern Europe,2019,Storm
Ethiopia,Eastern Africa,2019,Epidemic
Fiji,Melanesia,2019,Storm
Fiji,Melanesia,2019,Epidemic
France,Western Europe,2019,Earthquake
France,Western Europe,2019,Storm
United Kingdom of Great Britain and Northern Ireland (the),Northern Europe,2019,Extreme temperature
United Kingdom of Great Britain and Northern Ireland (the),Northern Europe,2019,Flood
Gambia (the),Western Africa,2019,Storm
Indonesia,South-Eastern Asia,2019,Flood
Indonesia,South-Eastern Asia,2019,Flood
India,Southern Asia,2019,Storm
India,Southern Asia,2019,Flood
Iran (Islamic Republic of),Southern Asia,2019,Earthquake
Japan,Eastern Asia,2019,Storm
Sri Lanka,Southern Asia,2019,Flood
Sri Lanka,Southern Asia,2019,Flood
Lesotho,Southern Africa,2019,Drought
Mexico,Central America,2019,Flood
Malaysia,South-Eastern Asia,2019,Flood
Malaysia,South-Eastern Asia,2019,Flood
Malaysia,South-Eastern Asia,2019,Flood
New Zealand,Australia and New Zealand,2019,Volcanic activity
Pakistan,Southern Asia,2019,Epidemic
Philippines (the),South-Eastern Asia,2019,Earthquake
Philippines (the),South-Eastern Asia,2019,Earthquake
Philippines (the),South-Eastern Asia,2019,Earthquake
Philippines (the),South-Eastern Asia,2019,Storm
Philippines (the),South-Eastern Asia,2019,Storm
Portugal,Southern Europe,2019,Storm
Rwanda,Eastern Africa,2019,Flood
Rwanda,Eastern Africa,2019,Flood
Saudi Arabia,Western Asia,2019,Flood
Sudan (the),Northern Africa,2019,Epidemic
Senegal,Western Africa,2019,Flood
Swaziland,Southern Africa,2019,Drought
Tonga,Polynesia,2019,Epidemic
Tonga,Polynesia,2019,Epidemic
"Tanzania, United Republic of",Eastern Africa,2019,Flood
"Tanzania, United Republic of",Eastern Africa,2019,Insect infestation
Uganda,Eastern Africa,2019,Landslide
Uganda,Eastern Africa,2019,Flood
Uruguay,South America,2019,Flood
Brazil,South America,2020,Storm
Switzerland,Western Europe,2020,Storm
Chile,South America,2021,Storm
Colombia,South America,2020,Storm
Fiji,Melanesia,2020,Storm
Guatemala,Central America,2020,Storm
Philippines (the),South-Eastern Asia,2020,Storm
Philippines (the),South-Eastern Asia,2020,Storm
El Salvador,Central America,2020,Storm
Pakistan,Southern Asia,2020,Storm
Brazil,South America,2020,Flood
Guatemala,Central America,2020,Flood
Kazakhstan,Central Asia,2020,Flood
"Palestine, State of",Western Asia,2020,Extreme temperature
Italy,Southern Europe,2020,Flood
Pakistan,Southern Asia,2020,Flood
Australia,Australia and New Zealand,2020,Storm
Nicaragua,Central America,2020,Storm
Italy,Southern Europe,2020,Storm
Spain,Southern Europe,2021,Storm
Uganda,Eastern Africa,2020,Storm
Somalia,Eastern Africa,2020,Storm
Thailand,South-Eastern Asia,2020,Storm
Afghanistan,Southern Asia,2020,Storm
Bangladesh,Southern Asia,2020,Flood
Bosnia and Herzegovina,Southern Europe,2020,Flood
Bolivia (Plurinational State of),South America,2020,Flood
Brazil,South America,2020,Flood
Brazil,South America,2020,Flood
Brazil,South America,2020,Flood
Brazil,South America,2020,Flood
Côte d’Ivoire,Western Africa,2020,Flood
Colombia,South America,2020,Flood
Colombia,South America,2020,Flood
Guatemala,Central America,2020,Storm
Guatemala,Central America,2020,Flood
Honduras,Central America,2020,Storm
Indonesia,South-Eastern Asia,2021,Earthquake
Indonesia,South-Eastern Asia,2020,Flood
Indonesia,South-Eastern Asia,2020,Flood
Indonesia,South-Eastern Asia,2020,Flood
Indonesia,South-Eastern Asia,2020,Flood
Indonesia,South-Eastern Asia,2020,Flood
Indonesia,South-Eastern Asia,2020,Flood
Indonesia,South-Eastern Asia,2020,Flood
Indonesia,South-Eastern Asia,2020,Flood
Indonesia,South-Eastern Asia,2021,Flood
India,Southern Asia,2020,Flood
India,Southern Asia,2020,Flood
Italy,Southern Europe,2020,Flood
Italy,Southern Europe,2020,Storm
Japan,Eastern Asia,2020,Flood
Kenya,Eastern Africa,2020,Flood
Korea (the Republic of),Eastern Asia,2020,Storm
Korea (the Republic of),Eastern Asia,2020,Flood
Madagascar,Eastern Africa,2020,Flood
Mexico,Central America,2020,Storm
Mexico,Central America,2020,Flood
Mexico,Central America,2020,Flood
Malaysia,South-Eastern Asia,2020,Flood
Nepal,Southern Asia,2020,Flood
Pakistan,Southern Asia,2020,Flood
Peru,South America,2020,Flood
Peru,South America,2020,Flood
Peru,South America,2020,Flood
Papua New Guinea,Melanesia,2020,Flood
Puerto Rico,Caribbean,2020,Earthquake
Paraguay,South America,2021,Flood
Rwanda,Eastern Africa,2020,Flood
Rwanda,Eastern Africa,2020,Flood
Rwanda,Eastern Africa,2020,Flood
Thailand,South-Eastern Asia,2020,Flood
Thailand,South-Eastern Asia,2020,Flood
"Tanzania, United Republic of",Eastern Africa,2020,Flood
Uganda,Eastern Africa,2020,Flood
Uganda,Eastern Africa,2020,Flood
Uganda,Eastern Africa,2020,Flood
Indonesia,South-Eastern Asia,2020,Flood
Myanmar,South-Eastern Asia,2020,Landslide
Nigeria,Western Africa,2020,Flood
Puerto Rico,Caribbean,2020,Earthquake
Myanmar,South-Eastern Asia,2020,Flood
Bolivia (Plurinational State of),South America,2021,Flood
Canada,Northern America,2020,Storm
Australia,Australia and New Zealand,2020,Flood
Honduras,Central America,2020,Flood
Israel,Western Asia,2020,Flood
Sudan (the),Northern Africa,2020,Flood
Uruguay,South America,2020,Flood
Japan,Eastern Asia,2020,Storm
Japan,Eastern Asia,2021,Storm
Mongolia,Eastern Asia,2020,Storm
Taiwan (Province of China),Eastern Asia,2021,Storm
Argentina,South America,2020,Storm
Armenia,Western Asia,2020,Storm
Burundi,Eastern Africa,2020,Storm
China,Eastern Asia,2020,Landslide
Colombia,South America,2020,Landslide
Cuba,Caribbean,2020,Storm
Dominican Republic (the),Caribbean,2020,Storm
India,Southern Asia,2020,Storm
India,Southern Asia,2021,Glacial lake outburst
Cambodia,South-Eastern Asia,2020,Storm
Korea (the Republic of),Eastern Asia,2020,Storm
Lao People's Democratic Republic (the),South-Eastern Asia,2020,Storm
Madagascar,Eastern Africa,2020,Storm
Mexico,Central America,2020,Storm
Mozambique,Eastern Africa,2021,Storm
Peru,South America,2020,Landslide
Philippines (the),South-Eastern Asia,2020,Storm
Uruguay,South America,2020,Storm
Burkina Faso,Western Africa,2020,Drought
Lesotho,Southern Africa,2020,Drought
Madagascar,Eastern Africa,2020,Drought
Mali,Western Africa,2020,Drought
Mozambique,Eastern Africa,2020,Drought
Mauritania,Western Africa,2020,Drought
Niger (the),Western Africa,2020,Drought
India,Southern Asia,2020,Storm
Iran (Islamic Republic of),Southern Asia,2020,Flood
Turkey,Western Asia,2020,Storm
China,Eastern Asia,2020,Flood
China,Eastern Asia,2020,Storm
Egypt,Northern Africa,2020,Flood
Solomon Islands,Melanesia,2020,Storm
Congo (the),Middle Africa,2020,Flood
Malaysia,South-Eastern Asia,2021,Flood
Rwanda,Eastern Africa,2020,Flood
Afghanistan,Southern Asia,2020,Flood
Afghanistan,Southern Asia,2020,Flood
Afghanistan,Southern Asia,2020,Flood
Afghanistan,Southern Asia,2020,Flood
Afghanistan,Southern Asia,2020,Landslide
Afghanistan,Southern Asia,2020,Flood
Angola,Middle Africa,2020,Flood
Angola,Middle Africa,2020,Flood
Argentina,South America,2020,Flood
Australia,Australia and New Zealand,2020,Storm
Australia,Australia and New Zealand,2021,Wildfire
Burundi,Eastern Africa,2020,Flood
Burundi,Eastern Africa,2020,Flood
Belgium,Western Europe,2020,Storm
Belgium,Western Europe,2020,Extreme temperature
Benin,Western Africa,2020,Flood
Burkina Faso,Western Africa,2020,Flood
Burkina Faso,Western Africa,2020,Flood
Burkina Faso,Western Africa,2020,Flood
Bangladesh,Southern Asia,2020,Storm
Belize,Central America,2020,Storm
Bolivia (Plurinational State of),South America,2020,Flood
Bolivia (Plurinational State of),South America,2021,Flood
Brazil,South America,2020,Drought
Canada,Northern America,2020,Flood
China,Eastern Asia,2020,Storm
China,Eastern Asia,2020,Earthquake
China,Eastern Asia,2020,Storm
China,Eastern Asia,2020,Storm
China,Eastern Asia,2020,Wildfire
China,Eastern Asia,2021,Drought
China,Eastern Asia,2020,Flood
China,Eastern Asia,2020,Flood
China,Eastern Asia,2020,Flood
China,Eastern Asia,2020,Flood
Cameroon,Middle Africa,2020,Flood
Congo (the),Middle Africa,2020,Flood
Colombia,South America,2020,Storm
Colombia,South America,2020,Flood
Costa Rica,Central America,2020,Storm
Cuba,Caribbean,2020,Storm
Czech Republic (the),Eastern Europe,2020,Storm
Germany,Western Europe,2020,Storm
Djibouti,Eastern Africa,2020,Flood
Dominican Republic (the),Caribbean,2020,Storm
Dominican Republic (the),Caribbean,2020,Storm
Algeria,Northern Africa,2020,Earthquake
Ecuador,South America,2020,Volcanic activity
Ecuador,South America,2020,Flood
Spain,Southern Europe,2020,Storm
Ethiopia,Eastern Africa,2020,Landslide
Ethiopia,Eastern Africa,2020,Flood
Ethiopia,Eastern Africa,2020,Landslide
Ethiopia,Eastern Africa,2020,Flood
Fiji,Melanesia,2020,Storm
Fiji,Melanesia,2020,Storm
Fiji,Melanesia,2021,Storm
France,Western Europe,2020,Flood
France,Western Europe,2020,Flood
France,Western Europe,2020,Storm
France,Western Europe,2020,Storm
France,Western Europe,2020,Storm
France,Western Europe,2020,Extreme temperature
France,Western Europe,2020,Flood
United Kingdom of Great Britain and Northern Ireland (the),Northern Europe,2020,Flood
United Kingdom of Great Britain and Northern Ireland (the),Northern Europe,2020,Storm
United Kingdom of Great Britain and Northern Ireland (the),Northern Europe,2020,Extreme temperature
Georgia,Western Asia,2020,Flood
Ghana,Western Africa,2020,Flood
Ghana,Western Africa,2020,Flood
Guinea,Western Africa,2020,Flood
Greece,Southern Europe,2020,Earthquake
Greece,Southern Europe,2020,Flood
Greece,Southern Europe,2020,Flood
Guatemala,Central America,2020,Storm
French Guiana,South America,2020,Flood
Honduras,Central America,2020,Storm
Honduras,Central America,2020,Storm
Croatia,Southern Europe,2020,Earthquake
Croatia,Southern Europe,2020,Earthquake
Haiti,Caribbean,2020,Storm
Indonesia,South-Eastern Asia,2020,Earthquake
Indonesia,South-Eastern Asia,2020,Volcanic activity
Indonesia,South-Eastern Asia,2020,Volcanic activity
Indonesia,South-Eastern Asia,2020,Flood
Indonesia,South-Eastern Asia,2020,Flood
Indonesia,South-Eastern Asia,2020,Flood
Indonesia,South-Eastern Asia,2020,Flood
Indonesia,South-Eastern Asia,2020,Flood
Indonesia,South-Eastern Asia,2020,Flood
Indonesia,South-Eastern Asia,2020,Landslide
Indonesia,South-Eastern Asia,2021,Landslide
Indonesia,South-Eastern Asia,2020,Flood
Indonesia,South-Eastern Asia,2020,Flood
Indonesia,South-Eastern Asia,2020,Flood
Indonesia,South-Eastern Asia,2020,Flood
Indonesia,South-Eastern Asia,2020,Flood
Indonesia,South-Eastern Asia,2020,Flood
Indonesia,South-Eastern Asia,2020,Flood
Indonesia,South-Eastern Asia,2020,Flood
Indonesia,South-Eastern Asia,2020,Flood
Indonesia,South-Eastern Asia,2020,Flood
Indonesia,South-Eastern Asia,2021,Flood
India,Southern Asia,2020,Landslide
India,Southern Asia,2020,Landslide
India,Southern Asia,2020,Storm
India,Southern Asia,2020,Storm
India,Southern Asia,2020,Flood
India,Southern Asia,2020,Flood
India,Southern Asia,2020,Flood
Iran (Islamic Republic of),Southern Asia,2020,Earthquake
Iran (Islamic Republic of),Southern Asia,2021,Earthquake
Iran (Islamic Republic of),Southern Asia,2020,Landslide
Iran (Islamic Republic of),Southern Asia,2020,Insect infestation
Iran (Islamic Republic of),Southern Asia,2020,Flood
Iran (Islamic Republic of),Southern Asia,2020,Flood
Iran (Islamic Republic of),Southern Asia,2020,Flood
Iran (Islamic Republic of),Southern Asia,2020,Flood
Iran (Islamic Republic of),Southern Asia,2020,Flood
Iraq,Western Asia,2020,Flood
Israel,Western Asia,2020,Wildfire
Italy,Southern Europe,2020,Landslide
Italy,Southern Europe,2020,Storm
Italy,Southern Europe,2020,Flood
Japan,Eastern Asia,2021,Earthquake
Japan,Eastern Asia,2020,Storm
Japan,Eastern Asia,2020,Storm
Cambodia,South-Eastern Asia,2020,Storm
Korea (the Republic of),Eastern Asia,2020,Storm
Korea (the Republic of),Eastern Asia,2020,Flood
Lao People's Democratic Republic (the),South-Eastern Asia,2020,Storm
Lebanon,Western Asia,2020,Wildfire
Saint Lucia,Caribbean,2020,Epidemic
Sri Lanka,Southern Asia,2020,Storm
Sri Lanka,Southern Asia,2020,Flood
Sri Lanka,Southern Asia,2020,Flood
Morocco,Northern Africa,2021,Flood
Madagascar,Eastern Africa,2021,Storm
Mexico,Central America,2020,Earthquake
Mexico,Central America,2020,Storm
Mexico,Central America,2020,Storm
Mexico,Central America,2020,Storm
Mongolia,Eastern Asia,2020,Flood
Mongolia,Eastern Asia,2020,Flood
Mongolia,Eastern Asia,2020,Flood
Mozambique,Eastern Africa,2020,Flood
Mozambique,Eastern Africa,2020,Flood
Mauritania,Western Africa,2020,Flood
Mauritania,Western Africa,2020,Flood
Malawi,Eastern Africa,2020,Flood
Malaysia,South-Eastern Asia,2020,Flood
Malaysia,South-Eastern Asia,2020,Flood
Malaysia,South-Eastern Asia,2020,Flood
Malaysia,South-Eastern Asia,2020,Flood
Namibia,Southern Africa,2020,Flood
Niger (the),Western Africa,2020,Flood
Niger (the),Western Africa,2020,Flood
Nigeria,Western Africa,2020,Epidemic
Nigeria,Western Africa,2020,Epidemic
Nigeria,Western Africa,2020,Flood
Nigeria,Western Africa,2020,Flood
Nicaragua,Central America,2020,Storm
Netherlands (the),Western Europe,2020,Extreme temperature
Norway,Northern Europe,2020,Landslide
New Zealand,Australia and New Zealand,2020,Wildfire
New Zealand,Australia and New Zealand,2020,Flood
New Zealand,Australia and New Zealand,2020,Flood
Oman,Western Asia,2020,Flood
Pakistan,Southern Asia,2020,Landslide
Pakistan,Southern Asia,2020,Insect infestation
Pakistan,Southern Asia,2020,Flood
Pakistan,Southern Asia,2020,Flood
Panama,Central America,2020,Flood
Panama,Central America,2020,Storm
Panama,Central America,2020,Storm
Philippines (the),South-Eastern Asia,2020,Earthquake
Philippines (the),South-Eastern Asia,2020,Volcanic activity
Philippines (the),South-Eastern Asia,2021,Flood
Philippines (the),South-Eastern Asia,2020,Landslide
Philippines (the),South-Eastern Asia,2020,Storm
Philippines (the),South-Eastern Asia,2020,Storm
Philippines (the),South-Eastern Asia,2020,Storm
Papua New Guinea,Melanesia,2020,Flood
Papua New Guinea,Melanesia,2020,Flood
Papua New Guinea,Melanesia,2020,Landslide
Papua New Guinea,Melanesia,2020,Landslide
Poland,Eastern Europe,2020,Storm
Poland,Eastern Europe,2020,Flood
Puerto Rico,Caribbean,2020,Storm
Korea (the Democratic People's Republic of),Eastern Asia,2020,Flood
Paraguay,South America,2020,Epidemic
Paraguay,South America,2021,Flood
Romania,Eastern Europe,2020,Flood
Rwanda,Eastern Africa,2020,Flood
Saudi Arabia,Western Asia,2020,Flood
Senegal,Western Africa,2020,Flood
El Salvador,Central America,2020,Storm
El Salvador,Central America,2020,Storm
El Salvador,Central America,2020,Landslide
Somalia,Eastern Africa,2020,Flood
Somalia,Eastern Africa,2020,Flood
Slovakia,Eastern Europe,2020,Flood
Slovenia,Southern Europe,2020,Storm
Sweden,Northern Europe,2020,Storm
Syrian Arab Republic,Western Asia,2020,Wildfire
Syrian Arab Republic,Western Asia,2021,Flood
Chad,Middle Africa,2020,Flood
Chad,Middle Africa,2020,Flood
Togo,Western Africa,2020,Flood
Thailand,South-Eastern Asia,2020,Storm
Thailand,South-Eastern Asia,2020,Flood
Thailand,South-Eastern Asia,2020,Storm
Thailand,South-Eastern Asia,2020,Storm
Tajikistan,Central Asia,2020,Flood
Tonga,Polynesia,2020,Storm
Tunisia,Northern Africa,2020,Flood
Turkey,Western Asia,2020,Earthquake
Turkey,Western Asia,2020,Earthquake
Turkey,Western Asia,2020,Earthquake
Turkey,Western Asia,2020,Earthquake
Turkey,Western Asia,2020,Earthquake
Turkey,Western Asia,2020,Flood
Turkey,Western Asia,2020,Flood
Turkey,Western Asia,2020,Landslide
Turkey,Western Asia,2020,Flood
Tuvalu,Polynesia,2020,Storm
Taiwan (Province of China),Eastern Asia,2020,Storm
"Tanzania, United Republic of",Eastern Africa,2020,Flood
"Tanzania, United Republic of",Eastern Africa,2020,Flood
"Tanzania, United Republic of",Eastern Africa,2020,Flood
Uganda,Eastern Africa,2020,Flood
Uganda,Eastern Africa,2020,Flood
Ukraine,Eastern Europe,2020,Wildfire
Ukraine,Eastern Europe,2020,Wildfire
Ukraine,Eastern Europe,2020,Flood
United States of America (the),Northern America,2020,Storm
United States of America (the),Northern America,2020,Storm
Viet Nam,South-Eastern Asia,2019,Storm
United States of America (the),Northern America,2019,Storm
United States of America (the),Northern America,2019,Storm
Viet Nam,South-Eastern Asia,2019,Storm
United States of America (the),Northern America,2019,Wildfire
Venezuela (Bolivarian Republic of),South America,2019,Flood
Samoa,Polynesia,2019,Epidemic
Yemen,Western Asia,2019,Epidemic
South Africa,Southern Africa,2019,Storm
South Africa,Southern Africa,2019,Drought
South Africa,Southern Africa,2019,Flood
Congo (the Democratic Republic of the),Middle Africa,2019,Flood
Congo (the Democratic Republic of the),Middle Africa,2019,Landslide
Congo (the Democratic Republic of the),Middle Africa,2019,Epidemic
Congo (the Democratic Republic of the),Middle Africa,2019,Epidemic
United States of America (the),Northern America,2020,Storm
Uzbekistan,Central Asia,2020,Flood
United States of America (the),Northern America,2020,Storm
Viet Nam,South-Eastern Asia,2020,Storm
United States of America (the),Northern America,2020,Storm
South Africa,Southern Africa,2020,Storm
Viet Nam,South-Eastern Asia,2020,Flood
Viet Nam,South-Eastern Asia,2020,Storm
Congo (the Democratic Republic of the),Middle Africa,2020,Flood
Serbia,Southern Europe,2020,Flood
United States of America (the),Northern America,2020,Flood
Zambia,Eastern Africa,2020,Flood
United States of America (the),Northern America,2020,Storm
United States of America (the),Northern America,2020,Storm
Yemen,Western Asia,2020,Flood
United States of America (the),Northern America,2021,Storm
United States of America (the),Northern America,2020,Drought
United States of America (the),Northern America,2020,Storm
United States of America (the),Northern America,2020,Storm
United States of America (the),Northern America,2020,Storm
United States of America (the),Northern America,2020,Storm
United States of America (the),Northern America,2020,Storm
United States of America (the),Northern America,2020,Storm
Viet Nam,South-Eastern Asia,2020,Storm
Viet Nam,South-Eastern Asia,2020,Storm
Viet Nam,South-Eastern Asia,2020,Storm
Viet Nam,South-Eastern Asia,2020,Storm
South Africa,Southern Africa,2021,Storm
United States of America (the),Northern America,2020,Storm
United States of America (the),Northern America,2020,Storm
United States of America (the),Northern America,2020,Storm
United States of America (the),Northern America,2020,Storm
United States of America (the),Northern America,2020,Flood
United States of America (the),Northern America,2020,Storm
United States of America (the),Northern America,2020,Storm
United States of America (the),Northern America,2020,Wildfire
Saint Vincent and the Grenadines,Caribbean,2020,Epidemic
Venezuela (Bolivarian Republic of),South America,2020,Flood
Viet Nam,South-Eastern Asia,2020,Storm
Viet Nam,South-Eastern Asia,2020,Storm
Viet Nam,South-Eastern Asia,2020,Storm
Viet Nam,South-Eastern Asia,2020,Storm
Vanuatu,Melanesia,2020,Storm
Yemen,Western Asia,2020,Flood
Yemen,Western Asia,2020,Flood
Yemen,Western Asia,2020,Flood
Yemen,Western Asia,2020,Flood
South Africa,Southern Africa,2020,Flood
Congo (the Democratic Republic of the),Middle Africa,2020,Flood
Congo (the Democratic Republic of the),Middle Africa,2020,Epidemic
Congo (the Democratic Republic of the),Middle Africa,2020,Flood
Congo (the Democratic Republic of the),Middle Africa,2020,Flood
Congo (the Democratic Republic of the),Middle Africa,2020,Flood
Congo (the Democratic Republic of the),Middle Africa,2020,Flood
Zambia,Eastern Africa,2020,Flood
Zambia,Eastern Africa,2020,Flood
Zimbabwe,Eastern Africa,2021,Storm
Timor-Leste,South-Eastern Asia,2020,Flood
South Sudan,Northern Africa,2020,Flood
