Dis No,Year,Disaster Type
2015-0118-BGD,2015,Storm
2015-0054-AFG,2015,Landslide
2015-0148-AUS,2015,Storm
2015-0479-BHS,2015,Storm
2015-0090-AGO,2015,Flood
2015-0023-ALB,2015,Flood
2015-0253-BGD,2015,Flood
2015-0293-BGD,2015,Flood
2015-0346-BFA,2015,Flood
2015-0151-AFG,2015,Landslide
2015-0044-ARG,2015,Storm
2015-0309-BGD,2015,Storm
2015-0476-AFG,2015,Earthquake
2015-0571-AFG,2015,Earthquake
2015-0581-AFG,2015,Flood
2015-0058-AFG,2015,Landslide
2015-0059-AFG,2015,Landslide
2015-0075-AGO,2015,Flood
2015-0091-AGO,2015,Flood
2015-0579-AGO,2015,Epidemic
2015-0038-ALB,2015,Flood
2015-0542-ALB,2015,Flood
2015-0142-ARG,2015,Volcanic activity
2015-0070-ARG,2015,Flood
2015-0349-ARG,2015,Flood
2015-0551-ARG,2015,Flood
2015-0576-AUS,2015,Flood
2015-0053-AUS,2015,Storm
2015-0079-AUS,2015,Storm
2015-0135-AUS,2015,Storm
2015-0560-AUS,2015,Wildfire
2015-0010-AUS,2015,Wildfire
2015-0514-AUS,2015,Wildfire
2015-0109-BDI,2015,Landslide
2015-0578-BDI,2015,Flood
2015-0410-BEL,2015,Extreme temperature
2015-0213-BGD,2015,Storm
2015-0601-BGD,2015,Storm
2015-0144-BGD,2015,Earthquake
2015-0411-BGD,2015,Landslide
2015-0038-BGR,2015,Flood
2015-0465-BIH,2015,Flood
2015-0511-BLZ,2015,Flood
2016-0175-BGD,2016,Storm
2016-0112-AFG,2016,Flood
2016-0191-AFG,2016,Flood
2016-0201-AUS,2016,Storm
2016-0211-BEL,2016,Storm
2016-0355-BHS,2016,Storm
2016-0154-BGD,2016,Storm
2016-0135-AFG,2016,Flood
2016-0309-AFG,2016,Flood
2016-0056-AGO,2016,Flood
2016-0088-AGO,2016,Flood
2016-0131-AGO,2016,Flood
2016-0247-AGO,2016,Flood
2016-0420-ALB,2016,Flood
2016-0127-ARG,2016,Flood
2016-0482-ARM,2016,Landslide
2016-0014-AUS,2016,Wildfire
2016-0515-AUS,2016,Epidemic
2016-0428-AUS,2016,Flood
2016-0179-AUT,2016,Flood
2016-0460-BDI,2016,Epidemic
2016-0179-BEL,2016,Flood
2016-0448-BEN,2016,Epidemic
2016-0287-BFA,2016,Flood
2016-0002-BGD,2016,Earthquake
2016-0288-BGD,2016,Flood
2016-0284-BLZ,2016,Storm
2015-0248-CHN,2015,Flood
2015-0457-CHN,2015,Flood
2015-0318-MKD,2015,Flood
2015-0375-DMA,2015,Storm
2015-0126-IND,2015,Storm
2015-0261-JPN,2015,Storm
2015-0016-MDG,2015,Storm
2015-0121-MEX,2015,Storm
2015-0214-CHN,2015,Storm
2015-0251-CHN,2015,Storm
2015-0011-MWI,2015,Flood
2015-0338-CHL,2015,Storm
2015-0226-NPL,2015,Landslide
2015-0145-PAK,2015,Flood
2015-0163-CHN,2015,Storm
2015-0605-EGY,2015,Storm
2015-0081-ITA,2015,Storm
2015-9411-IDN,2015,Drought
2015-0529-MNG,2015,Extreme temperature
2015-0131-CHN,2015,Storm
2015-0106-CHL,2015,Flood
2015-0185-CHN,2015,Flood
2015-0397-CHN,2015,Flood
2015-0231-CIV,2015,Flood
2015-0086-COL,2015,Earthquake
2015-0237-CRI,2015,Flood
2015-0114-ECU,2015,Flood
2015-0227-GEO,2015,Flood
2015-0107-IND,2015,Flood
2015-0253-IND,2015,Flood
2015-0317-IND,2015,Flood
2015-0333-IND,2015,Flood
2015-0413-IND,2015,Flood
2015-0465-ITA,2015,Flood
2015-0418-JPN,2015,Flood
2015-0460-LAO,2015,Flood
2015-0547-LKA,2015,Flood
2015-0253-MMR,2015,Flood
2015-0308-MMR,2015,Flood
2015-0216-MYS,2015,Earthquake
2015-0021-MYS,2015,Flood
2015-0144-NPL,2015,Earthquake
2015-0175-NPL,2015,Earthquake
2015-0435-CHL,2015,Earthquake
2015-0129-IDN,2015,Flood
2015-0162-CHN,2015,Storm
2015-0164-IND,2015,Storm
2015-0285-BRA,2015,Flood
2015-0168-CUB,2015,Flood
2015-0132-CHN,2015,Storm
2015-9372-COL,2015,Drought
2015-0352-CAF,2015,Storm
2015-0105-CHN,2015,Storm
2015-0252-CHN,2015,Storm
2015-0339-CHN,2015,Storm
2015-0171-COL,2015,Landslide
2015-0606-EGY,2015,Storm
2015-0525-GBR,2015,Storm
2015-0375-HTI,2015,Storm
2015-0525-IRL,2015,Storm
2015-0244-JPN,2015,Storm
2015-0456-JPN,2015,Storm
2015-0093-KIR,2015,Storm
2015-0470-MEX,2015,Storm
2015-0030-MWI,2015,Storm
2015-0035-OMN,2015,Storm
2015-9575-GMB,2015,Drought
2015-9444-MWI,2015,Drought
2015-9505-NAM,2015,Drought
2015-9166-NER,2015,Drought
2015-9545-ETH,2015,Drought
2015-0334-CHN,2015,Storm
2015-0127-IRN,2015,Flood
2015-0383-BOL,2015,Flood
2015-0156-BRA,2015,Storm
2015-0489-BRA,2015,Flood
2015-0551-BRA,2015,Flood
2015-0157-BRA,2015,Landslide
2015-0208-BRA,2015,Flood
2015-9307-BWA,2015,Drought
2015-0275-CAN,2015,Wildfire
2015-0142-CHL,2015,Volcanic activity
2015-0143-CHL,2015,Volcanic activity
2015-0092-CHL,2015,Wildfire
2015-0204-CHL,2015,Flood
2015-0534-CHN,2015,Storm
2015-0160-CHN,2015,Storm
2015-0491-CHN,2015,Storm
2015-0078-CHN,2015,Earthquake
2015-0125-CHN,2015,Earthquake
2015-0144-CHN,2015,Earthquake
2015-0175-CHN,2015,Earthquake
2015-0271-CHN,2015,Earthquake
2015-0247-CHN,2015,Flood
2015-0255-CHN,2015,Flood
2015-0533-CHN,2015,Flood
2015-0510-CHN,2015,Landslide
2015-0244-CHN,2015,Storm
2015-0278-CHN,2015,Storm
2015-0458-CHN,2015,Storm
2015-0490-CHN,2015,Storm
2015-9328-CHN,2015,Drought
2015-0240-CHN,2015,Flood
2015-0303-CHN,2015,Flood
2015-0395-CHN,2015,Flood
2015-0219-CHN,2015,Flood
2015-0220-CHN,2015,Flood
2015-0509-CMR,2015,Epidemic
2015-0287-CMR,2015,Flood
2015-0325-COL,2015,Flood
2015-0473-CPV,2015,Storm
2015-0104-CRI,2015,Volcanic activity
2015-9372-CUB,2015,Drought
2015-0060-DOM,2015,Flood
2015-0446-DOM,2015,Flood
2015-0375-DOM,2015,Storm
2015-0437-DZA,2015,Flood
2015-0482-DZA,2015,Flood
2015-0361-ECU,2015,Volcanic activity
2015-0550-ECU,2015,Volcanic activity
2015-0342-EGY,2015,Extreme temperature
2015-0447-ESP,2015,Flood
2015-0532-ESP,2015,Flood
2015-0548-ETH,2015,Flood
2015-9483-FJI,2015,Drought
2015-0451-FRA,2015,Flood
2015-0434-FRA,2015,Storm
2015-0410-FRA,2015,Extreme temperature
2015-0105-FSM,2015,Storm
2015-0561-GBR,2015,Flood
2015-0580-GHA,2015,Epidemic
2015-0217-GHA,2015,Flood
2015-0428-GIN,2015,Landslide
2015-0480-GIN,2015,Flood
2015-0038-GRC,2015,Flood
2015-0384-GRC,2015,Flood
2015-0446-GTM,2015,Flood
2015-0444-GTM,2015,Landslide
2015-0355-GTM,2015,Epidemic
2015-0353-GTM,2015,Flood
2015-0313-GUY,2015,Flood
2015-0465-HRV,2015,Flood
2015-0116-HTI,2015,Flood
2015-0366-HTI,2015,Epidemic
2015-0415-IDN,2015,Earthquake
2015-0036-IDN,2015,Flood
2015-0056-IDN,2015,Flood
2015-0076-IDN,2015,Flood
2015-0077-IDN,2015,Flood
2015-0181-IDN,2015,Landslide
2015-0524-IDN,2015,Landslide
2015-0112-IDN,2015,Landslide
2015-0429-IDN,2015,Wildfire
2015-0412-IDN,2015,Flood
2015-0118-IND,2015,Storm
2015-0450-IND,2015,Storm
2015-0600-IND,2015,Storm
2015-0604-IND,2015,Storm
2015-0144-IND,2015,Earthquake
2015-0175-IND,2015,Earthquake
2015-0476-IND,2015,Earthquake
2015-0207-IND,2015,Flood
2015-0249-IND,2015,Flood
2015-0226-IND,2015,Landslide
2015-0189-IND,2015,Extreme temperature
2015-9618-IND,2015,Drought
2015-0374-IND,2015,Flood
2015-0406-IND,2015,Flood
2015-0504-IND,2015,Flood
2015-0088-IRN,2015,Flood
2015-0258-IRN,2015,Flood
2015-0499-IRN,2015,Flood
2015-0438-IRN,2015,Flood
2015-0485-IRQ,2015,Flood
2015-0481-IRQ,2015,Epidemic
2015-0427-ISR,2015,Storm
2015-0532-ITA,2015,Flood
2015-0598-ITA,2015,Flood
2015-0176-JPN,2015,Storm
2015-0371-JPN,2015,Storm
2015-0458-JPN,2015,Storm
2015-0575-JPN,2015,Extreme temperature
2015-0610-JPN,2015,Extreme temperature
2015-0611-JPN,2015,Extreme temperature
2015-0154-KAZ,2015,Flood
2015-0158-KEN,2015,Flood
2015-0159-KEN,2015,Flood
2015-0564-KEN,2015,Flood
2015-0512-KGZ,2015,Earthquake
2015-0409-KOR,2015,Epidemic
2015-0324-LAO,2015,Flood
2015-0427-LBN,2015,Storm
2015-0002-LBN,2015,Storm
2015-0391-LBN,2015,Storm
2015-0530-LKA,2015,Flood
2015-0057-MDG,2015,Flood
2015-0074-MDG,2015,Storm
2015-0187-MEX,2015,Storm
2015-0382-MEX,2015,Flood
2015-9496-MHL,2015,Drought
2015-0023-MKD,2015,Flood
2015-0337-MLI,2015,Flood
2015-0118-MMR,2015,Storm
2015-0492-MMR,2015,Flood
2015-0449-MMR,2015,Landslide
2015-0455-MMR,2015,Landslide
2015-0011-MOZ,2015,Flood
2015-0368-NER,2015,Flood
2015-0200-NER,2015,Epidemic
2015-0448-NGA,2015,Flood
2015-0225-NGA,2015,Epidemic
2015-0446-NIC,2015,Flood
2015-0306-NPL,2015,Landslide
2015-0256-NZL,2015,Flood
2015-0206-NZL,2015,Flood
2015-0476-PAK,2015,Earthquake
2015-0571-PAK,2015,Earthquake
2015-0454-PAK,2015,Mass movement (dry)
2015-0215-PAK,2015,Flood
2015-0124-PAK,2015,Flood
2015-0333-PAK,2015,Flood
2015-0232-PAK,2015,Extreme temperature
2015-0288-PAK,2015,Flood
2015-0291-PAK,2015,Flood
2015-0446-PAN,2015,Flood
2015-9353-PAN,2015,Drought
2016-0395-NZL,2016,Earthquake
2016-0361-KOR,2016,Storm
2016-0336-NGA,2016,Storm
2016-0433-PAN,2016,Storm
2016-0117-ECU,2016,Earthquake
2016-0095-CHN,2016,Flood
2016-0340-CHN,2016,Storm
2016-0138-MMR,2016,Storm
2016-0137-CHN,2016,Flood
2016-0282-MKD,2016,Flood
2016-9369-CHN,2016,Drought
2016-0284-MEX,2016,Storm
2016-0211-NLD,2016,Storm
2016-0041-FJI,2016,Storm
2016-0061-MAR,2016,Extreme temperature
2016-0424-MEX,2016,Flood
2016-0246-BOL,2016,Flood
2016-0077-BRA,2016,Flood
2016-0350-CHN,2016,Storm
2016-0241-CHN,2016,Flood
2016-0423-DOM,2016,Flood
2016-0039-ECU,2016,Flood
2016-0101-ETH,2016,Flood
2016-0186-ETH,2016,Flood
2016-0407-HND,2016,Flood
2016-0356-HND,2016,Flood
2016-0418-HTI,2016,Flood
2016-0126-HTI,2016,Flood
2016-0185-HTI,2016,Flood
2016-0094-IDN,2016,Flood
2016-0040-IDN,2016,Flood
2016-0092-IDN,2016,Flood
2016-0345-IDN,2016,Flood
2016-0425-IDN,2016,Flood
2016-0139-IND,2016,Flood
2016-0382-JPN,2016,Storm
2016-0221-JPN,2016,Flood
2016-0153-LKA,2016,Flood
2016-0325-MEX,2016,Flood
2016-0267-NPL,2016,Flood
2016-0112-PAK,2016,Flood
2016-0375-PAK,2016,Flood
2016-0172-CAN,2016,Wildfire
2016-0161-KEN,2016,Flood
2016-0140-CHN,2016,Storm
2016-0230-CHN,2016,Storm
2016-0461-HUN,2016,Flood
2016-0256-CHN,2016,Storm
2016-0342-CHN,2016,Storm
2016-0162-CHN,2016,Landslide
2016-0433-CRI,2016,Storm
2016-0359-EGY,2016,Storm
2016-0141-FJI,2016,Storm
2016-0216-IDN,2016,Landslide
2016-0485-IND,2016,Storm
2016-0324-JPN,2016,Storm
2016-0390-JPN,2016,Storm
2016-0355-LCA,2016,Storm
2016-0319-MEX,2016,Storm
2016-9435-BOL,2016,Drought
2016-9225-KHM,2016,Drought
2016-9052-HTI,2016,Drought
2016-9452-KEN,2016,Drought
2016-9050-LSO,2016,Drought
2016-9020-MDG,2016,Drought
2016-9122-MOZ,2016,Drought
2016-0165-HTI,2016,Flood
2016-0270-PAK,2016,Flood
2016-0179-FRA,2016,Flood
2016-0053-HTI,2016,Flood
2016-0033-BRA,2016,Flood
2016-0300-CAF,2016,Epidemic
2016-0243-CAN,2016,Flood
2016-0118-CHL,2016,Flood
2016-0209-CHN,2016,Storm
2016-0373-CHN,2016,Storm
2016-0480-CHN,2016,Earthquake
2016-0038-CHN,2016,Flood
2016-0194-CHN,2016,Flood
2016-0250-CHN,2016,Landslide
2016-0255-CHN,2016,Landslide
2016-0235-CHN,2016,Storm
2016-0363-CHN,2016,Storm
2016-0364-CHN,2016,Storm
2016-0379-CHN,2016,Storm
2016-0023-CHN,2016,Extreme temperature
2016-0198-CHN,2016,Flood
2016-0233-CHN,2016,Flood
2016-0236-CHN,2016,Flood
2016-0238-CHN,2016,Flood
2016-0257-CHN,2016,Flood
2016-0371-CHN,2016,Storm
2016-0376-CHN,2016,Flood
2016-0389-CHN,2016,Flood
2016-0352-CIV,2016,Flood
2016-0355-CUB,2016,Storm
2016-0179-DEU,2016,Flood
2016-0355-DOM,2016,Storm
2016-0184-DOM,2016,Flood
2016-0151-ECU,2016,Earthquake
2016-0032-ECU,2016,Flood
2016-0496-ESP,2016,Flood
2016-9495-FSM,2016,Drought
2016-0394-GHA,2016,Epidemic
2016-0212-GHA,2016,Flood
2016-0334-GRC,2016,Flood
2016-0318-GTM,2016,Landslide
2016-0284-GTM,2016,Storm
2016-0284-HND,2016,Storm
2016-0355-HTI,2016,Storm
2016-0404-HTI,2016,Epidemic
2016-0184-HTI,2016,Flood
2016-0019-IDN,2016,Earthquake
2016-0458-IDN,2016,Earthquake
2016-0475-IDN,2016,Earthquake
2016-0479-IDN,2016,Flood
2016-0156-IDN,2016,Landslide
2016-0057-IDN,2016,Flood
2016-0306-IDN,2016,Flood
2016-0234-IND,2016,Storm
2016-0237-IND,2016,Storm
2016-0002-IND,2016,Earthquake
2016-0239-IND,2016,Flood
2016-0267-IND,2016,Flood
2016-0049-IND,2016,Landslide
2016-0195-IND,2016,Landslide
2016-0133-IND,2016,Extreme temperature
2016-0187-IND,2016,Wildfire
2016-0271-IND,2016,Flood
2016-0276-IND,2016,Flood
2016-0304-IND,2016,Flood
2016-0391-IND,2016,Flood
2016-0442-ISR,2016,Wildfire
2016-0313-ITA,2016,Earthquake
2016-0357-ITA,2016,Earthquake
2016-0358-ITA,2016,Earthquake
2016-0453-ITA,2016,Flood
2016-0355-JAM,2016,Storm
2016-0107-JPN,2016,Earthquake
2016-0121-JPN,2016,Earthquake
2016-0492-JPN,2016,Earthquake
2016-0361-JPN,2016,Storm
2016-0023-JPN,2016,Extreme temperature
2016-0089-KEN,2016,Flood
2016-0341-KOR,2016,Earthquake
2016-0023-KOR,2016,Extreme temperature
2016-0316-LAO,2016,Flood
2016-0301-LBR,2016,Flood
2016-0333-MEX,2016,Flood
2016-0332-MEX,2016,Flood
2016-0335-MKD,2016,Earthquake
2016-0272-MLI,2016,Flood
2016-0189-MMR,2016,Storm
2016-0383-MMR,2016,Earthquake
2016-0224-MMR,2016,Landslide
2016-0444-MMR,2016,Epidemic
2016-0232-MMR,2016,Flood
2016-0369-MMR,2016,Flood
2016-0509-MNG,2016,Extreme temperature
2016-0248-MOZ,2016,Flood
2016-0129-MWI,2016,Flood
2016-0057-MYS,2016,Flood
2016-0307-MYS,2016,Flood
2016-0489-MYS,2016,Flood
2016-0516-MYS,2016,Flood
2016-0269-NER,2016,Flood
2016-0447-NER,2016,Epidemic
2016-0219-NER,2016,Flood
2016-0337-NGA,2016,Flood
2016-0433-NIC,2016,Storm
2016-0187-NPL,2016,Wildfire
2016-0275-NPL,2016,Flood
2016-0096-NZL,2016,Flood
2016-0120-OMN,2016,Flood
2016-0229-PAK,2016,Storm
2016-0100-PAK,2016,Earthquake
2016-0240-PAK,2016,Flood
2016-0387-PAK,2016,Flood
2017-0002-CHL,2017,Wildfire
2015-0017-PHL,2015,Storm
2015-0371-PHL,2015,Storm
2015-0462-PHL,2015,Storm
2015-0543-PHL,2015,Storm
2015-0211-USA,2015,Storm
2015-0488-USA,2015,Storm
2015-0155-USA,2015,Storm
2015-0180-USA,2015,Storm
2015-0245-USA,2015,Storm
2015-0138-USA,2015,Storm
2015-0326-USA,2015,Storm
2015-0522-PER,2015,Flood
2015-0278-PHL,2015,Storm
2015-0283-PHL,2015,Flood
2015-0359-PHL,2015,Flood
2015-0153-RWA,2015,Flood
2015-0194-TJK,2015,Flood
2015-0286-TJK,2015,Flood
2015-0292-VNM,2015,Flood
2015-0535-COD,2015,Flood
2015-0401-USA,2015,Wildfire
2015-0123-USA,2015,Storm
2015-0400-USA,2015,Storm
2015-0279-PHL,2015,Flood
2015-0565-USA,2015,Flood
2015-9410-PNG,2015,Drought
2015-0113-PSE,2015,Storm
2015-0002-SYR,2015,Storm
2015-0046-USA,2015,Storm
2015-0072-USA,2015,Storm
2015-9500-ZAF,2015,Drought
2015-0038-TUR,2015,Flood
2015-0002-PSE,2015,Storm
2015-0093-SLB,2015,Storm
2015-0494-SOM,2015,Storm
2015-0339-TWN,2015,Storm
2015-0069-TZA,2015,Storm
2015-0558-USA,2015,Storm
2015-0531-USA,2015,Storm
2015-0459-USA,2015,Storm
2015-0093-VUT,2015,Storm
2015-0494-YEM,2015,Storm
2015-0030-ZWE,2015,Storm
2015-9373-SDN,2015,Drought
2015-9616-SOM,2015,Drought
2015-0093-TUV,2015,Storm
2015-0026-USA,2015,Storm
2015-0212-USA,2015,Flood
2015-0199-PER,2015,Flood
2015-0315-PER,2015,Extreme temperature
2015-0323-PHL,2015,Flood
2015-0105-PHL,2015,Storm
2015-0176-PHL,2015,Storm
2015-0244-PHL,2015,Storm
2015-0339-PHL,2015,Storm
2015-0490-PHL,2015,Storm
2015-9364-PHL,2015,Drought
2015-0284-PHL,2015,Flood
2015-0093-PNG,2015,Storm
2015-0097-PNG,2015,Flood
2015-0263-POL,2015,Storm
2015-0577-POL,2015,Extreme temperature
2015-0345-PRK,2015,Flood
2015-9257-PRK,2015,Drought
2015-0532-PRT,2015,Flood
2015-0184-PRY,2015,Storm
2015-0310-PRY,2015,Flood
2015-0551-PRY,2015,Flood
2015-0203-ROU,2015,Flood
2015-0235-RUS,2015,Flood
2015-0137-RUS,2015,Wildfire
2015-0130-SAU,2015,Flood
2015-0507-SAU,2015,Flood
2015-0392-SDN,2015,Flood
2015-0393-SDN,2015,Extreme temperature
2015-0281-SLB,2015,Storm
2015-9483-SLB,2015,Drought
2015-0436-SLE,2015,Flood
2015-0198-SLV,2015,Storm
2015-0446-SLV,2015,Flood
2015-0484-SOM,2015,Storm
2015-0477-SOM,2015,Flood
2015-0544-SOM,2015,Flood
2015-0427-SYR,2015,Storm
2015-0580-TGO,2015,Epidemic
2015-9574-THA,2015,Drought
2015-0528-TJK,2015,Earthquake
2015-0119-TJK,2015,Landslide
2015-9483-TON,2015,Drought
2015-0390-TUR,2015,Flood
2015-0244-TWN,2015,Storm
2015-0458-TWN,2015,Storm
2015-0540-TZA,2015,Epidemic
2015-0541-TZA,2015,Epidemic
2015-0205-TZA,2015,Flood
2015-0363-URY,2015,Flood
2015-0551-URY,2015,Flood
2015-0498-URY,2015,Flood
2015-0177-USA,2015,Storm
2015-0025-USA,2015,Storm
2015-0073-USA,2015,Storm
2015-0122-USA,2015,Storm
2015-0186-USA,2015,Flood
2015-0431-USA,2015,Flood
2015-0421-USA,2015,Wildfire
2015-0613-USA,2015,Wildfire
2015-9210-USA,2015,Drought
2015-0312-USA,2015,Wildfire
2015-0399-USA,2015,Flood
2015-0296-VEN,2015,Flood
2015-0252-VNM,2015,Storm
2015-9617-VNM,2015,Drought
2015-0460-VNM,2015,Flood
2015-9483-WSM,2015,Drought
2015-0484-YEM,2015,Storm
2015-0302-YEM,2015,Epidemic
2015-0336-COD,2015,Earthquake
2015-0385-COD,2015,Wildfire
2015-0536-COD,2015,Flood
2015-0549-COD,2015,Flood
2015-0339-MNP,2015,Storm
2015-0608-TLS,2015,Earthquake
2015-0301-SSD,2015,Epidemic
2016-0012-USA,2016,Storm
2016-0203-USA,2016,Storm
2016-0379-VNM,2016,Storm
2016-0519-ARG,2016,Flood
2016-0227-RUS,2016,Flood
2016-0125-USA,2016,Storm
2016-0322-USA,2016,Storm
2016-0115-URY,2016,Flood
2016-0054-PER,2016,Flood
2016-0456-PHL,2016,Storm
2016-0371-PHL,2016,Storm
2016-0149-RWA,2016,Flood
2016-0191-TJK,2016,Flood
2016-0350-TWN,2016,Storm
2016-0331-USA,2016,Flood
2016-0494-VCT,2016,Flood
2016-0522-BOL,2016,Flood
2016-0522-COL,2016,Flood
2016-0043-TWN,2016,Earthquake
2016-0483-SLB,2016,Earthquake
2016-0123-USA,2016,Storm
2016-0150-USA,2016,Storm
2016-0477-USA,2016,Storm
2016-0086-USA,2016,Storm
2016-0087-USA,2016,Storm
2016-0427-UKR,2016,Flood
2016-0124-USA,2016,Flood
2016-0183-USA,2016,Flood
2016-0451-COD,2016,Flood
2016-0490-PHL,2016,Storm
2016-0481-SAU,2016,Storm
2016-0342-TWN,2016,Storm
2016-0181-USA,2016,Storm
2016-0085-USA,2016,Storm
2016-0355-USA,2016,Storm
2016-0362-VNM,2016,Storm
2016-0371-VNM,2016,Storm
2016-9065-SSD,2016,Drought
2016-0010-USA,2016,Storm
2016-0179-POL,2016,Flood
2016-0295-RUS,2016,Flood
2016-0051-USA,2016,Storm
2016-0298-PER,2016,Earthquake
2016-0464-PER,2016,Earthquake
2016-0256-PHL,2016,Storm
2016-0342-PHL,2016,Storm
2016-0363-PHL,2016,Storm
2016-0364-PHL,2016,Storm
2016-0503-PHL,2016,Storm
2016-0377-PHL,2016,Flood
2016-0445-PHL,2016,Flood
2016-0001-POL,2016,Extreme temperature
2016-0321-PRK,2016,Flood
2016-0285-PRT,2016,Wildfire
2016-9249-PRY,2016,Drought
2016-0426-ROU,2016,Flood
2016-0179-ROU,2016,Flood
2016-0128-RUS,2016,Flood
2016-0164-RWA,2016,Landslide
2016-0120-SAU,2016,Flood
2016-0105-SAU,2016,Flood
2016-0274-SDN,2016,Flood
2016-0344-SDN,2016,Epidemic
2016-0449-SEN,2016,Flood
2016-0513-SGP,2016,Epidemic
2016-0392-SLB,2016,Epidemic
2016-0129-SOM,2016,Flood
2016-9291-SWZ,2016,Drought
2016-0302-SYC,2016,Epidemic
2016-0378-THA,2016,Flood
2016-0023-THA,2016,Extreme temperature
2016-0360-THA,2016,Flood
2016-0472-THA,2016,Flood
2016-0251-TJK,2016,Earthquake
2016-0004-TON,2016,Storm
2016-0041-TON,2016,Storm
2016-0141-TON,2016,Storm
2016-0256-TWN,2016,Storm
2016-0023-TWN,2016,Extreme temperature
2016-0329-TZA,2016,Earthquake
2016-0060-TZA,2016,Flood
2016-0028-TZA,2016,Flood
2016-0244-TZA,2016,Flood
2016-0329-UGA,2016,Earthquake
2016-0130-UGA,2016,Flood
2016-0148-UGA,2016,Landslide
2016-0001-UKR,2016,Extreme temperature
2016-0493-USA,2016,Earthquake
2016-0206-USA,2016,Wildfire
2016-0264-USA,2016,Wildfire
2016-0297-USA,2016,Wildfire
2016-0463-USA,2016,Wildfire
2016-0170-USA,2016,Flood
2016-0292-USA,2016,Flood
2016-0355-VCT,2016,Storm
2016-0400-VNM,2016,Flood
2016-0268-VNM,2016,Storm
2016-0514-VNM,2016,Epidemic
2016-0497-VNM,2016,Flood
2016-0517-VNM,2016,Flood
2016-0120-YEM,2016,Flood
2016-0196-YEM,2016,Landslide
2016-0440-YEM,2016,Epidemic
2016-0478-ZAF,2016,Flood
2016-0036-ZAF,2016,Extreme temperature
2016-0305-ZAF,2016,Flood
2016-0507-COD,2016,Flood
2016-0419-COD,2016,Epidemic
2016-0439-COD,2016,Epidemic
2016-0076-SRB,2016,Flood
2016-0446-SRB,2016,Flood
2016-9119-TLS,2016,Drought
2016-0289-SSD,2016,Epidemic
2016-0327-SSD,2016,Flood
2016-0518-BRA,2016,Epidemic
2016-0526-CHN,2016,Earthquake
2016-0536-CHN,2016,Earthquake
2016-0533-COL,2016,Flood
2016-0518-COL,2016,Epidemic
2017-0184-CIV,2017,Flood
2017-0328-AUT,2017,Storm
2017-0410-CRI,2017,Storm
2017-0383-DMA,2017,Storm
2017-0383-DOM,2017,Storm
2017-0286-CHN,2017,Storm
2017-0187-CHN,2017,Flood
2017-0215-COL,2017,Flood
2017-0038-AFG,2017,Storm
2017-0071-AFG,2017,Storm
2017-0261-CHN,2017,Flood
2017-0504-ALB,2017,Flood
2017-0174-BGD,2017,Landslide
2017-0202-BRA,2017,Flood
2017-0185-CHL,2017,Flood
2017-0055-CHL,2017,Flood
2017-0331-CHN,2017,Earthquake
2017-0169-CHN,2017,Flood
2017-0245-CHN,2017,Flood
2017-0264-CHN,2017,Flood
2017-0478-COL,2017,Flood
2017-0284-CHN,2017,Storm
2017-0360-DEU,2017,Storm
2017-0463-CHN,2017,Flood
2017-0072-AUS,2017,Wildfire
2017-0271-CAN,2017,Wildfire
2017-0105-AUS,2017,Storm
2017-0080-BDI,2017,Landslide
2017-0529-CHL,2017,Landslide
2017-0352-CHN,2017,Storm
2017-0410-COL,2017,Storm
2017-0381-CUB,2017,Storm
2017-0381-DOM,2017,Storm
2017-9207-AGO,2017,Drought
2017-0026-AFG,2017,Landslide
2017-0027-AFG,2017,Landslide
2017-0010-ALB,2017,Extreme temperature
2017-0010-BLR,2017,Extreme temperature
2017-0033-DZA,2017,Extreme temperature
2017-0288-AFG,2017,Flood
2017-0109-AGO,2017,Flood
2017-0381-AIA,2017,Storm
2017-0548-ARE,2017,Flood
2017-0195-ARG,2017,Flood
2017-0031-ARG,2017,Landslide
2017-0104-ARG,2017,Flood
2017-0221-ARG,2017,Flood
2017-0381-ATG,2017,Storm
2017-0562-AUS,2017,Storm
2017-0360-AUT,2017,Storm
2017-0480-BFA,2017,Epidemic
2017-0368-BFA,2017,Flood
2017-0139-BGD,2017,Storm
2017-0138-BGD,2017,Flood
2017-0152-BGD,2017,Storm
2017-0556-BGD,2017,Epidemic
2017-0342-BGD,2017,Flood
2017-0381-BHS,2017,Storm
2017-0551-BRA,2017,Epidemic
2017-0381-BRB,2017,Storm
2017-0079-BWA,2017,Flood
2017-0094-CAF,2017,Storm
2017-0384-CAF,2017,Flood
2017-0126-CAN,2017,Flood
2017-0471-CAN,2017,Flood
2017-0350-CHE,2017,Mass movement (dry)
2017-0218-CHL,2017,Flood
2017-0143-CHN,2017,Storm
2017-0214-CHN,2017,Storm
2017-0110-CHN,2017,Storm
2017-0113-CHN,2017,Earthquake
2017-0124-CHN,2017,Earthquake
2017-0513-CHN,2017,Earthquake
2017-0044-CHN,2017,Landslide
2017-0332-CHN,2017,Landslide
2017-0363-CHN,2017,Landslide
2017-0201-CHN,2017,Landslide
2017-0281-CHN,2017,Storm
2017-0326-CHN,2017,Storm
2017-0485-CHN,2017,Storm
2017-9206-CHN,2017,Drought
2017-0254-CHN,2017,Flood
2017-0287-CHN,2017,Flood
2017-0372-CHN,2017,Flood
2017-0398-CHN,2017,Flood
2017-0476-CHN,2017,Flood
2017-0568-CHN,2017,Flood
2017-0560-CIV,2017,Epidemic
2017-0367-CMR,2017,Flood
2017-0119-COL,2017,Landslide
2017-0090-COL,2017,Landslide
2017-0223-COL,2017,Flood
2017-0225-COL,2017,Flood
2017-0341-CZE,2017,Storm
2017-0565-DEU,2017,Storm
2017-0310-DEU,2017,Flood
2017-0137-DOM,2017,Storm
2018-0082-ALB,2018,Flood
2018-0040-BRA,2018,Flood
2018-0170-CUB,2018,Storm
2018-0203-BGD,2018,Flood
2018-0062-BOL,2018,Flood
2018-0396-COL,2018,Flood
2018-0374-CRI,2018,Flood
2018-0299-CAN,2018,Wildfire
2018-0439-ARG,2018,Flood
2018-0282-CHN,2018,Flood
2018-0198-CHN,2018,Flood
2018-0131-COL,2018,Flood
2018-0053-CHN,2018,Storm
2018-0161-ARG,2018,Storm
2018-0285-CHN,2018,Storm
2018-0305-CHN,2018,Storm
2018-0347-CHN,2018,Storm
2018-0348-CHN,2018,Storm
2018-0145-DJI,2018,Storm
2018-9278-AFG,2018,Drought
2018-0002-ESP,2018,Storm
2018-0002-CHE,2018,Storm
2018-0025-DEU,2018,Storm
2018-0350-AFG,2018,Flood
2018-0189-AFG,2018,Landslide
2018-0242-AFG,2018,Landslide
2018-0156-AFG,2018,Flood
2018-0212-AFG,2018,Flood
2018-0104-AGO,2018,Flood
2018-0436-AGO,2018,Epidemic
2018-9075-ARG,2018,Drought
2018-0038-ARG,2018,Flood
2018-0074-ARG,2018,Flood
2018-0480-ARM,2018,Storm
2018-0459-AUS,2018,Extreme temperature
2018-9258-AUS,2018,Drought
2018-0123-AUS,2018,Flood
2018-0065-BDI,2018,Flood
2018-0163-BDI,2018,Flood
2018-0479-BDI,2018,Flood
2018-0025-BEL,2018,Storm
2018-0235-BEL,2018,Extreme temperature
2018-0140-BGD,2018,Storm
2018-0018-BGD,2018,Extreme temperature
2018-0158-BGD,2018,Flood
2018-0220-BGR,2018,Flood
2018-0097-BLR,2018,Flood
2018-0478-BOL,2018,Epidemic
2018-0415-BRA,2018,Landslide
2018-0112-BRA,2018,Flood
2018-0103-BWA,2018,Flood
2018-0437-CAF,2018,Epidemic
2018-0366-CAN,2018,Storm
2018-0195-CAN,2018,Extreme temperature
2018-0160-CAN,2018,Flood
2018-0118-CHN,2018,Storm
2018-0050-CHN,2018,Storm
2018-0474-CHN,2018,Storm
2018-0215-CHN,2018,Earthquake
2018-0323-CHN,2018,Earthquake
2018-0201-CHN,2018,Storm
2018-0287-CHN,2018,Storm
2018-0309-CHN,2018,Storm
2018-0341-CHN,2018,Storm
2018-0159-CHN,2018,Flood
2018-0210-CHN,2018,Flood
2018-0211-CHN,2018,Flood
2018-0250-CHN,2018,Flood
2018-0252-CHN,2018,Flood
2018-0369-CHN,2018,Flood
2018-0185-CIV,2018,Flood
2018-0435-CMR,2018,Epidemic
2018-9277-CRI,2018,Drought
2018-0373-CUB,2018,Storm
2018-0061-CZE,2018,Extreme temperature
2018-0235-DEU,2018,Extreme temperature
2018-0280-DOM,2018,Storm
2018-0218-DOM,2018,Flood
2018-0162-DZA,2018,Flood
2018-0235-ESP,2018,Extreme temperature
2019-0073-BOL,2019,Flood
2019-0050-AFG,2019,Flood
2019-0387-CHN,2019,Storm
2019-0337-BGD,2019,Flood
2019-0216-AFG,2019,Flood
2019-0082-AFG,2019,Flood
2019-0287-BIH,2019,Flood
2019-0100-BRA,2019,Flood
2019-0146-BRA,2019,Flood
2019-0368-BRA,2019,Flood
2019-0159-COL,2019,Flood
2019-0015-ESP,2019,Flood
2019-0171-CAN,2019,Flood
2019-0008-ARG,2019,Flood
2019-0008-BRA,2019,Flood
2019-0514-CIV,2019,Flood
2019-0301-ESP,2019,Flood
2019-0084-AUS,2019,Wildfire
2019-0165-COM,2019,Storm
2019-0283-ECU,2019,Landslide
2019-0186-ESP,2019,Storm
2019-0001-AUT,2019,Storm
2019-0001-CHE,2019,Storm
2019-0044-DZA,2019,Extreme temperature
2019-0255-AFG,2019,Flood
2019-0125-AFG,2019,Flood
2019-0143-AFG,2019,Flood
2019-0070-AGO,2019,Flood
2019-0123-AGO,2019,Flood
2019-0232-ALB,2019,Earthquake
2019-0444-ALB,2019,Earthquake
2019-0185-ARG,2019,Flood
2019-0206-ARG,2019,Flood
2019-0319-ARM,2019,Storm
2019-0028-AUS,2019,Flood
2019-0366-AUT,2019,Extreme temperature
2019-0049-BDI,2019,Flood
2019-0296-BEL,2019,Extreme temperature
2019-0366-BEL,2019,Extreme temperature
2019-0144-BGD,2019,Storm
2019-0304-BGD,2019,Landslide
2019-0164-BGD,2019,Storm
2019-0412-BHS,2019,Storm
2019-0194-BIH,2019,Flood
2019-0358-BOL,2019,Volcanic activity
2019-0428-BOL,2019,Wildfire
2019-0092-BOL,2019,Landslide
2019-0037-BOL,2019,Flood
2019-0309-BRA,2019,Flood
2019-0428-BRA,2019,Wildfire
2019-0023-CHL,2019,Earthquake
2019-0091-CHL,2019,Flood
2019-0291-CHN,2019,Storm
2019-0096-CHN,2019,Earthquake
2019-0259-CHN,2019,Earthquake
2019-0425-CHN,2019,Earthquake
2019-0381-CHN,2019,Flood
2019-0469-CHN,2019,Flood
2019-0367-CHN,2019,Landslide
2019-0424-CHN,2019,Storm
2019-0472-CHN,2019,Storm
2019-0134-CHN,2019,Wildfire
2019-0400-CHN,2019,Landslide
2019-0161-CHN,2019,Flood
2019-0209-CHN,2019,Flood
2019-0333-CHN,2019,Flood
2019-0211-COG,2019,Epidemic
2019-0079-COG,2019,Epidemic
2019-0212-COG,2019,Epidemic
2019-0455-COL,2019,Epidemic
2019-0075-COL,2019,Flood
2019-0175-COL,2019,Landslide
2019-0338-CRI,2019,Epidemic
2019-0025-CUB,2019,Storm
2019-0001-DEU,2019,Storm
2019-0296-DEU,2019,Extreme temperature
2019-0366-DEU,2019,Extreme temperature
2019-0456-DOM,2019,Epidemic
2019-0243-ECU,2019,Earthquake
2019-0475-ECU,2019,Earthquake
2019-0078-ECU,2019,Flood
2019-0296-ESP,2019,Extreme temperature
2015-0620-KHM,2015,Storm
2015-0620-THA,2015,Storm
2015-0619-KHM,2015,Flood
2016-0525-IDN,2016,Flood
2016-0527-IDN,2016,Flood
2016-0529-MOZ,2016,Flood
2016-0553-PAK,2016,Flood
2016-0554-PAK,2016,Flood
2016-0546-MOZ,2016,Storm
2016-0544-IRN,2016,Storm
2016-0554-IND,2016,Flood
2016-0538-JPN,2016,Extreme temperature
2016-9529-LKA,2016,Drought
2016-0532-MEX,2016,Flood
2016-0547-NGA,2016,Epidemic
2016-0576-NGA,2016,Epidemic
2016-0518-PER,2016,Epidemic
2016-0537-PHL,2016,Earthquake
2016-0531-PRK,2016,Flood
2016-0548-SOM,2016,Epidemic
2017-0382-MEX,2017,Earthquake
2017-0410-GTM,2017,Storm
2017-0410-HND,2017,Storm
2017-0152-IND,2017,Storm
2017-0408-ITA,2017,Storm
2017-0432-JPN,2017,Storm
2017-0468-JPN,2017,Storm
2017-0508-LKA,2017,Storm
2017-0485-MAC,2017,Storm
2017-0168-MEX,2017,Storm
2017-0334-MEX,2017,Storm
2017-0145-PAK,2017,Storm
2017-0326-PHL,2017,Storm
2017-0422-PHL,2017,Storm
2017-0524-PHL,2017,Storm
2017-0525-PHL,2017,Storm
2017-0383-PRI,2017,Storm
2017-0328-ITA,2017,Storm
2017-0432-PHL,2017,Storm
2017-0176-PRT,2017,Wildfire
2017-0515-IDN,2017,Storm
2017-0392-MEX,2017,Storm
2017-0406-PHL,2017,Storm
2017-0319-NZL,2017,Storm
2017-0383-HTI,2017,Storm
2017-0525-MYS,2017,Storm
2017-0025-PAK,2017,Landslide
2017-0548-OMN,2017,Flood
2017-0387-MEX,2017,Earthquake
2017-0182-GRC,2017,Earthquake
2017-0444-GRC,2017,Flood
2017-0196-HND,2017,Flood
2017-0452-HTI,2017,Flood
2017-0206-IDN,2017,Flood
2017-0111-IDN,2017,Flood
2017-0068-IDN,2017,Landslide
2017-0494-IDN,2017,Flood
2017-0096-IRN,2017,Flood
2017-0246-JPN,2017,Flood
2017-0153-LKA,2017,Flood
2017-0311-MMR,2017,Flood
2017-0383-MTQ,2017,Storm
2017-0321-NPL,2017,Flood
2017-0342-NPL,2017,Flood
2017-0222-NZL,2017,Flood
2017-0243-PAK,2017,Flood
2017-0410-PAN,2017,Storm
2017-0036-PER,2017,Flood
2017-0084-PER,2017,Flood
2017-0140-PHL,2017,Earthquake
2017-0028-PHL,2017,Flood
2017-0343-SLE,2017,Landslide
2017-0410-SLV,2017,Storm
2017-0316-THA,2017,Flood
2017-0280-GRC,2017,Earthquake
2017-0449-HND,2017,Flood
2017-0481-TGO,2017,Flood
2017-0465-THA,2017,Flood
2017-0151-RUS,2017,Storm
2017-0228-ESP,2017,Wildfire
2017-0383-GLP,2017,Storm
2017-0352-HKG,2017,Storm
2017-0408-HRV,2017,Storm
2017-0381-HTI,2017,Storm
2017-0230-HUN,2017,Storm
2017-0508-IND,2017,Storm
2017-0352-MAC,2017,Storm
2017-0075-MDG,2017,Storm
2017-0376-MEX,2017,Storm
2017-0051-MOZ,2017,Storm
2017-0380-MRT,2017,Storm
2017-0256-NPL,2017,Landslide
2017-0381-PRI,2017,Storm
2017-0415-RWA,2017,Storm
2017-0381-TCA,2017,Storm
2017-0406-THA,2017,Storm
2017-9343-MRT,2017,Drought
2017-9208-NER,2017,Drought
2017-9342-TCD,2017,Drought
2017-0015-ITA,2017,Earthquake
2017-0010-GRC,2017,Extreme temperature
2017-0010-MKD,2017,Extreme temperature
2017-0417-ESP,2017,Wildfire
2017-0320-FRA,2017,Flood
2017-0086-FRA,2017,Storm
2017-0292-FRA,2017,Wildfire
2017-0490-GBR,2017,Flood
2017-0083-GHA,2017,Storm
2017-0306-GHA,2017,Flood
2017-0053-GIN,2017,Epidemic
2017-0304-GIN,2017,Flood
2017-0382-GTM,2017,Earthquake
2017-0196-GTM,2017,Flood
2017-0190-GTM,2017,Landslide
2017-0416-GTM,2017,Flood
2017-0449-GTM,2017,Flood
2017-0450-GTM,2017,Flood
2017-0216-GUY,2017,Flood
2017-0485-HKG,2017,Storm
2017-0227-HND,2017,Flood
2017-0297-HRV,2017,Wildfire
2017-0137-HTI,2017,Storm
2017-0209-HTI,2017,Flood
2017-0530-IDN,2017,Earthquake
2017-0147-IDN,2017,Flood
2017-0576-IDN,2017,Flood
2017-0177-IDN,2017,Flood
2017-0102-IDN,2017,Landslide
2017-0059-IDN,2017,Flood
2017-0393-IDN,2017,Volcanic activity
2017-0265-IND,2017,Storm
2017-0569-IND,2017,Storm
2017-0570-IND,2017,Storm
2017-0364-IND,2017,Flood
2017-0495-IND,2017,Flood
2017-0289-IND,2017,Flood
2017-0046-IND,2017,Landslide
2017-0266-IND,2017,Landslide
2017-0483-IND,2017,Landslide
2017-0144-IND,2017,Extreme temperature
2017-0180-IND,2017,Flood
2017-0257-IND,2017,Flood
2017-0290-IND,2017,Flood
2017-0294-IND,2017,Flood
2017-0342-IND,2017,Flood
2017-0517-IND,2017,Flood
2017-0490-IRL,2017,Flood
2017-0204-IRN,2017,Earthquake
2017-0446-IRN,2017,Earthquake
2017-0521-IRN,2017,Earthquake
2017-0472-IRN,2017,Flood
2017-0446-IRQ,2017,Earthquake
2017-0349-ITA,2017,Earthquake
2017-0544-ITA,2017,Flood
2017-9296-ITA,2017,Drought
2017-0137-JAM,2017,Storm
2017-0327-JPN,2017,Storm
2017-0220-KAZ,2017,Flood
2017-0205-KEN,2017,Flood
2017-0557-KEN,2017,Epidemic
2017-0447-KEN,2017,Epidemic
2017-0552-KEN,2017,Epidemic
2017-0451-KGZ,2017,Earthquake
2017-0146-KGZ,2017,Landslide
2017-0381-KNA,2017,Storm
2017-0443-KOR,2017,Earthquake
2017-0281-LAO,2017,Storm
2017-0307-LKA,2017,Epidemic
2017-0493-LKA,2017,Flood
2017-0032-MAR,2017,Extreme temperature
2017-0054-MAR,2017,Extreme temperature
2017-0411-MDG,2017,Epidemic
2017-0498-MEX,2017,Flood
2017-0152-MMR,2017,Storm
2017-0466-MNG,2017,Landslide
2017-0553-MOZ,2017,Epidemic
2017-0549-MWI,2017,Epidemic
2017-0123-MWI,2017,Flood
2017-0516-MYS,2017,Flood
2017-0224-MYS,2017,Flood
2017-0477-MYS,2017,Flood
2017-0106-NAM,2017,Flood
2017-0186-NER,2017,Flood
2017-0118-NER,2017,Epidemic
2017-0305-NER,2017,Epidemic
2017-0370-NER,2017,Flood
2017-0318-NGA,2017,Epidemic
2017-0315-NGA,2017,Epidemic
2017-0272-NGA,2017,Flood
2017-0378-NGA,2017,Flood
2017-0410-NIC,2017,Storm
2017-0449-NIC,2017,Flood
2017-0181-PAK,2017,Storm
2017-0385-PAK,2017,Epidemic
2017-0045-PAK,2017,Flood
2017-0052-PER,2017,Flood
2017-0050-PHL,2017,Earthquake
2017-0247-PHL,2017,Earthquake
2017-0497-PHL,2017,Flood
2017-0142-PHL,2017,Storm
2017-0485-PHL,2017,Storm
2017-0226-PHL,2017,Flood
2017-0341-POL,2017,Storm
2017-0546-PRK,2017,Epidemic
2017-9273-PRK,2017,Drought
2017-0417-PRT,2017,Wildfire
2017-0049-PYF,2017,Flood
2017-0407-ROU,2017,Storm
2017-0232-RUS,2017,Flood
2017-0087-RWA,2017,Storm
2017-0491-SAU,2017,Flood
2017-0573-SDN,2017,Flood
2017-0379-SDN,2017,Epidemic
2017-0093-SOM,2017,Epidemic
2017-0341-SVK,2017,Storm
2017-0421-TCD,2017,Epidemic
2017-0006-THA,2017,Flood
2017-0516-THA,2017,Flood
2017-0281-THA,2017,Storm
2017-0034-TJK,2017,Landslide
2017-0448-TJK,2017,Epidemic
2018-0002-FRA,2018,Storm
2018-0397-ITA,2018,Storm
2018-0008-MDG,2018,Storm
2018-0044-PHL,2018,Storm
2018-0225-PHL,2018,Storm
2018-0455-PHL,2018,Storm
2018-0280-PRI,2018,Storm
2018-0352-IDN,2018,Earthquake
2018-0295-IND,2018,Flood
2018-0202-IND,2018,Storm
2018-0385-IND,2018,Storm
2018-0374-GTM,2018,Flood
2018-0374-HND,2018,Flood
2018-0087-HRV,2018,Flood
2018-0425-IDN,2018,Flood
2018-0471-IDN,2018,Flood
2018-0121-IDN,2018,Flood
2018-0472-IDN,2018,Flood
2018-0483-IDN,2018,Flood
2018-0199-IND,2018,Storm
2018-0372-IND,2018,Flood
2018-0383-IRN,2018,Flood
2018-0330-JPN,2018,Earthquake
2018-0190-JPN,2018,Flood
2018-0278-LKA,2018,Flood
2018-0384-LKA,2018,Flood
2018-0203-MMR,2018,Flood
2018-0374-NIC,2018,Flood
2018-0341-PHL,2018,Storm
2018-0399-PHL,2018,Storm
2018-0055-PNG,2018,Earthquake
2018-0165-ROU,2018,Flood
2018-0104-RWA,2018,Flood
2018-0208-RWA,2018,Landslide
2018-0135-RWA,2018,Flood
2018-0374-SLV,2018,Flood
2018-0257-IDN,2018,Earthquake
2018-0458-IDN,2018,Volcanic activity
2018-0461-ITA,2018,Volcanic activity
2018-0368-GHA,2018,Flood
2018-0148-KEN,2018,Flood
2018-0222-LAO,2018,Flood
2018-0314-MMR,2018,Flood
2018-0168-GTM,2018,Volcanic activity
2018-0407-RUS,2018,Flood
2018-0223-GRC,2018,Wildfire
2018-0224-LVA,2018,Wildfire
2018-0259-PRT,2018,Wildfire
2018-9277-SLV,2018,Drought
2018-0224-SWE,2018,Wildfire
2018-0049-IND,2018,Extreme temperature
2018-0256-PRK,2018,Extreme temperature
2018-0101-FJI,2018,Storm
2018-0056-IDN,2018,Landslide
2018-0002-IRL,2018,Storm
2018-0326-JPN,2018,Storm
2018-0353-JPN,2018,Storm
2018-0227-LAO,2018,Storm
2018-0305-LAO,2018,Storm
2018-0086-MDG,2018,Storm
2018-0421-MEX,2018,Storm
2018-0029-MUS,2018,Storm
2018-0177-OMN,2018,Storm
2018-0394-OMN,2018,Storm
2018-0227-PHL,2018,Storm
2018-0309-PRK,2018,Storm
2018-0029-REU,2018,Storm
2018-0469-SLB,2018,Storm
2018-0145-SOM,2018,Storm
2018-9468-MDG,2018,Drought
2018-0002-GBR,2018,Storm
2018-0030-MAR,2018,Extreme temperature
2018-0259-ESP,2018,Wildfire
2018-0361-ESP,2018,Flood
2018-0061-EST,2018,Extreme temperature
2018-0180-ETH,2018,Landslide
2018-0328-ETH,2018,Landslide
2018-0487-ETH,2018,Epidemic
2018-0194-FJI,2018,Storm
2018-0025-FRA,2018,Storm
2018-0397-FRA,2018,Storm
2018-0061-FRA,2018,Extreme temperature
2018-0235-FRA,2018,Extreme temperature
2018-0037-FRA,2018,Flood
2018-0375-FRA,2018,Flood
2018-0235-GBR,2018,Extreme temperature
2018-0244-GEO,2018,Flood
2018-0191-GNB,2018,Storm
2018-0157-GTM,2018,Flood
2018-9277-GTM,2018,Drought
2018-0341-HKG,2018,Storm
2018-9277-HND,2018,Drought
2018-0360-HTI,2018,Earthquake
2018-0031-IDN,2018,Earthquake
2018-0254-IDN,2018,Earthquake
2018-0302-IDN,2018,Earthquake
2018-0016-IDN,2018,Volcanic activity
2018-0454-IDN,2018,Landslide
2018-0166-IDN,2018,Flood
2018-0137-IND,2018,Storm
2018-0138-IND,2018,Storm
2018-0149-IND,2018,Storm
2018-0209-IND,2018,Storm
2018-0214-IND,2018,Storm
2018-0150-IND,2018,Storm
2018-0213-IND,2018,Flood
2018-0431-IND,2018,Storm
2018-0473-IND,2018,Storm
2018-0119-IND,2018,Wildfire
2018-9372-IND,2018,Drought
2018-0205-IND,2018,Flood
2018-0216-IND,2018,Flood
2018-0267-IND,2018,Flood
2018-0286-IND,2018,Flood
2018-0345-IND,2018,Flood
2018-0370-IND,2018,Flood
2018-0281-IRN,2018,Earthquake
2018-0310-IRN,2018,Earthquake
2018-0426-IRN,2018,Earthquake
2018-0427-IRQ,2018,Flood
2018-0128-ISR,2018,Flood
2018-0308-ITA,2018,Flood
2018-0061-ITA,2018,Extreme temperature
2018-0235-ITA,2018,Extreme temperature
2018-0403-JOR,2018,Flood
2018-0414-JOR,2018,Flood
2018-0183-JPN,2018,Earthquake
2018-0424-JPN,2018,Storm
2018-0226-JPN,2018,Extreme temperature
2018-0167-KAZ,2018,Flood
2018-0116-KEN,2018,Flood
2018-0132-KEN,2018,Flood
2018-0222-KHM,2018,Flood
2018-0226-KOR,2018,Extreme temperature
2018-0414-KWT,2018,Flood
2018-0047-LBN,2018,Storm
2018-0467-LKA,2018,Flood
2018-0061-LTU,2018,Extreme temperature
2018-9187-LTU,2018,Drought
2018-0433-MDG,2018,Epidemic
2018-0315-MEX,2018,Earthquake
2018-0367-MEX,2018,Flood
2018-0406-MEX,2018,Storm
2018-0469-MHL,2018,Storm
2018-0441-MLI,2018,Flood
2018-0154-MMR,2018,Mass movement (dry)
2018-0240-MMR,2018,Landslide
2018-0255-MMR,2018,Flood
2018-0443-MNG,2018,Storm
2018-0249-MNG,2018,Flood
2018-0073-MNG,2018,Extreme temperature
2018-0039-MOZ,2018,Landslide
2018-0048-MOZ,2018,Flood
2018-9469-MRT,2018,Drought
2018-0104-MWI,2018,Flood
2018-0064-MWI,2018,Flood
2018-0164-MWI,2018,Flood
2018-0063-MYS,2018,Flood
2018-0068-MYS,2018,Flood
2018-0298-NER,2018,Epidemic
2018-0232-NER,2018,Flood
2018-0077-NGA,2018,Epidemic
2018-0238-NGA,2018,Flood
2018-0365-NGA,2018,Flood
2018-9277-NIC,2018,Drought
2018-0025-NLD,2018,Storm
2018-0235-NLD,2018,Extreme temperature
2018-0219-NPL,2018,Flood
2018-0049-NPL,2018,Extreme temperature
2018-0485-NZL,2018,Flood
2018-0143-PAK,2018,Extreme temperature
2018-0212-PAK,2018,Flood
2018-9277-PAN,2018,Drought
2018-0011-PER,2018,Earthquake
2018-0014-PHL,2018,Volcanic activity
2018-0004-PHL,2018,Storm
2018-0347-PHL,2018,Storm
2018-0486-PHL,2018,Epidemic
2018-0489-PHL,2018,Epidemic
2018-0051-PHL,2018,Flood
2018-0481-PLW,2018,Epidemic
2018-0316-PNG,2018,Earthquake
2018-0317-PNG,2018,Earthquake
2018-0017-PNG,2018,Volcanic activity
2018-0061-POL,2018,Extreme temperature
2018-9187-POL,2018,Drought
2018-0218-PRI,2018,Flood
2018-0329-PRK,2018,Flood
2018-0376-PRT,2018,Storm
2018-0235-PRT,2018,Extreme temperature
2018-0066-PRY,2018,Flood
2018-0442-PRY,2018,Flood
2018-0390-QAT,2018,Flood
2018-0247-ROU,2018,Flood
2018-0061-ROU,2018,Extreme temperature
2018-0113-RUS,2018,Flood
2018-0477-RWA,2018,Flood
2018-0387-SDN,2018,Flood
2018-0221-SDN,2018,Flood
2018-0292-SDN,2018,Flood
2018-0321-SLV,2018,Earthquake
2018-0133-SOM,2018,Flood
2018-0438-TCD,2018,Epidemic
2019-0020-MDG,2019,Flood
2019-0072-PER,2019,Flood
2019-0370-MAR,2019,Landslide
2019-0487-RUS,2019,Flood
2019-0321-IND,2019,Storm
2019-0225-MEX,2019,Flood
2019-0222-ROU,2019,Flood
2019-0141-IRQ,2019,Flood
2019-0490-GTM,2019,Storm
2019-0395-GTM,2019,Storm
2019-0056-MNG,2019,Extreme temperature
2019-0005-LBN,2019,Storm
2019-0497-ESP,2019,Flood
2019-0022-IDN,2019,Flood
2019-0107-IDN,2019,Flood
2019-0168-IDN,2019,Flood
2019-0331-IND,2019,Flood
2019-0499-IND,2019,Flood
2019-0125-IRN,2019,Flood
2019-0322-JPN,2019,Earthquake
2019-0409-JPN,2019,Flood
2019-0516-JPN,2019,Flood
2019-0500-KEN,2019,Flood
2019-0452-LKA,2019,Flood
2019-0499-LKA,2019,Flood
2019-0385-MMR,2019,Flood
2019-0110-MOZ,2019,Storm
2019-0332-NPL,2019,Flood
2019-0346-PAK,2019,Flood
2019-0470-PAK,2019,Flood
2019-0082-PAK,2019,Flood
2019-0386-PAK,2019,Flood
2019-0464-PAK,2019,Flood
2019-0093-PER,2019,Flood
2019-0098-PNG,2019,Flood
2019-0382-SLE,2019,Flood
2019-0233-SLV,2019,Earthquake
2019-0216-TJK,2019,Flood
2019-0453-TCD,2019,Landslide
2019-0334-IDN,2019,Earthquake
2019-0288-IND,2019,Flood
2019-0413-ESP,2019,Flood
2019-0055-MDA,2019,Extreme temperature
2019-0013-IDN,2019,Landslide
2019-0155-IND,2019,Storm
2019-0492-JPN,2019,Storm
2019-0418-MEX,2019,Storm
2019-9145-KEN,2019,Drought
2019-9191-NAM,2019,Drought
2019-9023-PAK,2019,Drought
2019-9076-PRK,2019,Drought
2019-9109-SOM,2019,Drought
2019-0369-MMR,2019,Landslide
2019-0426-MAR,2019,Flood
2019-0396-POL,2019,Storm
2019-0500-ETH,2019,Flood
2019-0494-ETH,2019,Landslide
2019-0352-ETH,2019,Epidemic
2019-0388-FRA,2019,Storm
2019-0296-FRA,2019,Extreme temperature
2019-0366-FRA,2019,Extreme temperature
2019-0505-FRA,2019,Flood
2019-0124-FSM,2019,Storm
2019-0296-GBR,2019,Extreme temperature
2019-0286-GEO,2019,Flood
2019-0228-GHA,2019,Flood
2019-0488-GHA,2019,Flood
2019-0315-GRC,2019,Storm
2019-0360-GTM,2019,Epidemic
2019-0338-HND,2019,Epidemic
2019-0194-HRV,2019,Flood
2019-0445-HTI,2019,Flood
2019-0215-HTI,2019,Flood
2019-0318-HUN,2019,Storm
2019-0085-IDN,2019,Earthquake
2019-0109-IDN,2019,Earthquake
2019-0377-IDN,2019,Earthquake
2019-0451-IDN,2019,Earthquake
2019-0111-IDN,2019,Flood
2019-0117-IDN,2019,Landslide
2019-0167-IDN,2019,Flood
2019-0210-IDN,2019,Flood
2019-0281-IDN,2019,Flood
2019-0311-IND,2019,Storm
2019-0164-IND,2019,Storm
2019-0217-IND,2019,Extreme temperature
2019-0223-IND,2019,Extreme temperature
2019-0218-IND,2019,Epidemic
2019-0480-IND,2019,Epidemic
2019-0383-IND,2019,Flood
2019-0299-IRN,2019,Earthquake
2019-0082-IRN,2019,Flood
2019-0495-IRN,2019,Flood
2019-0296-ITA,2019,Extreme temperature
2019-0195-ITA,2019,Flood
2019-0424-JPN,2019,Storm
2019-0443-JPN,2019,Storm
2019-0463-JPN,2019,Extreme temperature
2019-0467-JPN,2019,Extreme temperature
2019-0289-JPN,2019,Flood
2019-0192-KEN,2019,Epidemic
2019-0419-KHM,2019,Flood
2019-0424-KOR,2019,Storm
2019-0443-KOR,2019,Storm
2019-0472-KOR,2019,Storm
2019-0149-KOR,2019,Wildfire
2019-9359-LAO,2019,Drought
2019-0419-LAO,2019,Flood
2019-0224-LBY,2019,Flood
2019-0221-LKA,2019,Epidemic
2019-9389-LKA,2019,Drought
2019-0388-LUX,2019,Storm
2019-0427-MAR,2019,Flood
2019-0110-MDG,2019,Storm
2019-0220-MDV,2019,Flood
2019-0450-MEX,2019,Storm
2019-0297-MEX,2019,Flood
2019-0200-MLI,2019,Flood
2019-0420-MLI,2019,Flood
2019-0347-MMR,2019,Flood
2019-0199-MNG,2019,Storm
2019-0219-MNG,2019,Flood
2019-0165-MOZ,2019,Storm
2019-0131-MOZ,2019,Epidemic
2019-0048-MOZ,2019,Flood
2019-0099-MOZ,2019,Flood
2019-0433-MRT,2019,Flood
2019-0187-MWI,2019,Landslide
2019-0048-MWI,2019,Flood
2019-0101-MWI,2019,Flood
2019-0226-MYS,2019,Flood
2019-0415-NER,2019,Flood
2019-0504-NER,2019,Flood
2019-0397-NGA,2019,Epidemic
2019-0115-NGA,2019,Epidemic
2019-0454-NGA,2019,Epidemic
2019-0394-NGA,2019,Flood
2019-0415-NGA,2019,Flood
2019-0435-NGA,2019,Flood
2019-0338-NIC,2019,Epidemic
2019-0366-NLD,2019,Extreme temperature
2019-0375-NOR,2019,Landslide
2019-0135-NPL,2019,Storm
2019-0252-OMN,2019,Flood
2019-0460-PAK,2019,Earthquake
2019-0201-PAK,2019,Flood
2019-0155-PAK,2019,Storm
2019-0372-PAK,2019,Flood
2019-0471-PAK,2019,Flood
2019-0243-PER,2019,Earthquake
2019-0358-PER,2019,Volcanic activity
2019-0428-PER,2019,Wildfire
2019-0027-PER,2019,Landslide
2019-0162-PHL,2019,Earthquake
2019-0356-PHL,2019,Earthquake
2019-0362-PHL,2019,Earthquake
2019-0489-PHL,2019,Earthquake
2019-0021-PHL,2019,Storm
2019-0349-PHL,2019,Storm
2019-0434-PHL,2019,Storm
2019-0080-PHL,2019,Epidemic
2019-0355-PHL,2019,Epidemic
2019-9137-PHL,2019,Drought
2019-0264-PHL,2019,Flood
2019-0271-PNG,2019,Earthquake
2019-0298-PNG,2019,Volcanic activity
2019-0158-PNG,2019,Landslide
2019-0424-PRK,2019,Storm
2019-0150-PRY,2019,Flood
2019-0245-PRY,2019,Flood
2019-0428-PRY,2019,Wildfire
2019-0197-PRY,2019,Flood
2019-0378-RUS,2019,Wildfire
2019-0294-RUS,2019,Flood
2019-0432-RUS,2019,Flood
2019-0468-RUS,2019,Flood
2019-0033-SAU,2019,Flood
2019-0252-SAU,2019,Flood
2019-0392-SDN,2019,Flood
2019-0280-SDN,2019,Flood
2019-0389-SLE,2019,Flood
2019-0338-SLV,2019,Epidemic
2019-0500-SOM,2019,Flood
2019-0396-SVK,2019,Storm
2019-0137-SYR,2019,Flood
2019-0415-TCD,2019,Flood
2019-0009-THA,2019,Storm
2019-9359-THA,2019,Drought
2019-0419-THA,2019,Flood
2015-0620-VNM,2015,Storm
2016-0573-VNM,2016,Flood
2016-0521-USA,2016,Storm
2016-0523-ZWE,2016,Storm
2016-0550-USA,2016,Storm
2016-0552-USA,2016,Flood
2016-0522-VEN,2016,Flood
2016-0528-VUT,2016,Epidemic
2016-0575-SSD,2016,Epidemic
2017-0251-TJK,2017,Flood
2017-0039-USA,2017,Storm
2017-0383-VIR,2017,Storm
2017-0136-USA,2017,Flood
2017-0336-USA,2017,Storm
2017-0010-UKR,2017,Extreme temperature
2017-0542-USA,2017,Storm
2017-0178-ZAF,2017,Storm
2017-0062-USA,2017,Storm
2017-0091-ZWE,2017,Storm
2017-0566-TUR,2017,Storm
2017-0234-USA,2017,Storm
2017-0564-USA,2017,Storm
2017-0362-USA,2017,Storm
2017-0070-USA,2017,Storm
2017-0169-TWN,2017,Flood
2017-0337-VNM,2017,Flood
2017-0259-VNM,2017,Flood
2017-0270-VNM,2017,Flood
2017-0428-VNM,2017,Flood
2017-0280-TUR,2017,Earthquake
2017-0203-USA,2017,Storm
2017-0563-USA,2017,Storm
2017-0253-USA,2017,Storm
2017-0512-USA,2017,Storm
2017-0329-TUN,2017,Wildfire
2017-0326-TWN,2017,Storm
2017-0381-USA,2017,Storm
2017-0381-VIR,2017,Storm
2017-0422-VNM,2017,Storm
2017-0462-ZAF,2017,Storm
2017-0381-BLM,2017,Storm
2017-0010-SRB,2017,Extreme temperature
2017-0205-TZA,2017,Flood
2017-0395-UGA,2017,Flood
2017-0447-UGA,2017,Epidemic
2017-0195-URY,2017,Flood
2017-0108-USA,2017,Storm
2017-0022-USA,2017,Storm
2017-0282-USA,2017,Flood
2017-0058-USA,2017,Flood
2017-0383-USA,2017,Storm
2017-0410-USA,2017,Storm
2017-0252-USA,2017,Wildfire
2017-0434-USA,2017,Wildfire
2017-9550-USA,2017,Drought
2017-0511-USA,2017,Wildfire
2017-0381-VGB,2017,Storm
2017-0383-VGB,2017,Storm
2017-0281-VNM,2017,Storm
2017-0352-VNM,2017,Storm
2017-0406-VNM,2017,Storm
2017-0492-VNM,2017,Flood
2017-0394-VUT,2017,Volcanic activity
2017-0231-VUT,2017,Storm
2017-0279-YEM,2017,Epidemic
2017-0555-YEM,2017,Epidemic
2017-0365-YEM,2017,Flood
2017-9211-ZAF,2017,Drought
2017-0217-ZAF,2017,Flood
2017-0547-ZAF,2017,Wildfire
2017-0340-COD,2017,Landslide
2017-0543-COD,2017,Epidemic
2017-0391-COD,2017,Flood
2017-0558-ZMB,2017,Epidemic
2017-0297-MNE,2017,Wildfire
2017-0381-MAF,2017,Storm
2017-0381-SXM,2017,Storm
2018-0227-VNM,2018,Storm
2018-0305-VNM,2018,Storm
2018-0005-COD,2018,Flood
2018-0111-USA,2018,Storm
2018-0395-TTO,2018,Flood
2018-0130-USA,2018,Flood
2018-0204-VNM,2018,Flood
2018-0369-VNM,2018,Flood
2018-0146-USA,2018,Volcanic activity
2018-0456-VUT,2018,Volcanic activity
2018-0258-USA,2018,Wildfire
2018-0344-USA,2018,Storm
2018-0129-USA,2018,Storm
2018-0419-USA,2018,Flood
2018-0045-USA,2018,Storm
2018-0042-TON,2018,Storm
2018-0313-TWN,2018,Storm
2018-0423-UGA,2018,Landslide
2018-0457-USA,2018,Storm
2018-0342-USA,2018,Storm
2018-0010-USA,2018,Landslide
2018-0201-VNM,2018,Storm
2018-0042-WSM,2018,Storm
2018-0177-YEM,2018,Storm
2018-0394-YEM,2018,Storm
2018-0373-USA,2018,Storm
2018-0272-TUR,2018,Landslide
2018-0279-USA,2018,Storm
2018-0246-SRB,2018,Flood
2018-0207-TJK,2018,Flood
2018-0364-TUN,2018,Flood
2018-0388-TUN,2018,Flood
2018-0059-TWN,2018,Earthquake
2018-0125-TZA,2018,Flood
2018-0076-UGA,2018,Epidemic
2018-0248-UKR,2018,Storm
2018-9103-URY,2018,Drought
2018-0046-USA,2018,Storm
2018-0331-USA,2018,Flood
2018-0206-USA,2018,Storm
2018-0170-USA,2018,Storm
2018-0409-USA,2018,Wildfire
2018-9476-USA,2018,Drought
2018-0468-USA,2018,Wildfire
2018-0386-VEN,2018,Flood
2018-0290-VEN,2018,Flood
2018-0448-VNM,2018,Flood
2018-0484-VNM,2018,Storm
2018-0253-COD,2018,Epidemic
2018-0363-COD,2018,Epidemic
2018-0434-ZWE,2018,Epidemic
2018-0399-MNP,2018,Storm
2018-0490-HUN,2018,Extreme temperature
2019-0086-USA,2019,Flood
2019-0533-ITA,2019,Storm
2019-0541-PHL,2019,Storm
2019-0634-PHL,2019,Storm
2019-0600-SOM,2019,Storm
2019-0558-ITA,2019,Storm
2019-0545-AUS,2019,Wildfire
2019-0533-FRA,2019,Storm
2019-0543-ITA,2019,Storm
2019-0601-MDG,2019,Storm
2019-0089-USA,2019,Storm
2019-0227-UGA,2019,Landslide
2019-0045-USA,2019,Storm
2019-0357-TUR,2019,Flood
2019-0090-USA,2019,Flood
2019-0380-VNM,2019,Flood
2019-0265-VNM,2019,Flood
2019-0482-VNM,2019,Flood
2019-0461-YEM,2019,Flood
2019-0176-ZAF,2019,Flood
2019-0645-BDI,2019,Flood
2019-0542-BRA,2019,Flood
2019-0580-BRA,2019,Flood
2019-0611-CHN,2019,Flood
2019-0579-DJI,2019,Flood
2019-0576-FRA,2019,Flood
2019-0632-IDN,2019,Flood
2019-0657-IDN,2019,Flood
2019-0577-LKA,2019,Flood
2019-0647-PER,2019,Flood
2019-0599-UGA,2019,Flood
2019-0625-UGA,2019,Flood
2019-0646-IDN,2019,Wildfire
2019-0160-USA,2019,Storm
2019-0250-USA,2019,Storm
2019-0116-USA,2019,Flood
2019-0106-ZAF,2019,Flood
2019-0633-MOZ,2019,Flood
2019-0046-USA,2019,Storm
2019-0430-UGA,2019,Landslide
2019-0184-USA,2019,Storm
2019-0412-USA,2019,Storm
2019-0417-USA,2019,Storm
2019-0110-ZWE,2019,Storm
2019-0532-CAN,2019,Storm
2019-0558-FRA,2019,Storm
2019-0621-FRA,2019,Storm
2019-0557-KEN,2019,Landslide
2019-0519-MEX,2019,Storm
2019-9619-BWA,2019,Drought
2019-0630-ETH,2019,Insect infestation
2019-0630-KEN,2019,Insect infestation
2019-0630-SDN,2019,Insect infestation
2019-0630-SOM,2019,Insect infestation
2019-0630-UGA,2019,Insect infestation
2019-9088-ZWE,2019,Drought
2019-0007-USA,2019,Storm
2019-0479-TUR,2019,Earthquake
2019-0274-TUR,2019,Flood
2019-0462-TUR,2019,Flood
2019-0387-TWN,2019,Storm
2019-0165-TZA,2019,Storm
2019-0193-TZA,2019,Epidemic
2019-0203-TZA,2019,Flood
2019-0496-TZA,2019,Flood
2019-0515-TZA,2019,Flood
2019-0179-UGA,2019,Flood
2019-0254-UGA,2019,Flood
2019-0040-URY,2019,Flood
2019-0273-URY,2019,Flood
2019-0081-USA,2019,Storm
2019-0484-USA,2019,Storm
2019-0306-USA,2019,Earthquake
2019-0335-USA,2019,Storm
2019-0513-USA,2019,Wildfire
2019-0307-USA,2019,Flood
2019-9359-VNM,2019,Drought
2019-0393-VNM,2019,Flood
2019-0419-VNM,2019,Flood
2019-0213-YEM,2019,Flood
2019-0122-YEM,2019,Epidemic
2019-0252-YEM,2019,Flood
2019-0182-ZAF,2019,Flood
2019-0170-COD,2019,Landslide
2019-0048-ZMB,2019,Flood
2019-0094-ZWE,2019,Flood
2019-0275-SRB,2019,Flood
2019-0285-SSD,2019,Flood
2019-0188-SSD,2019,Epidemic
2019-0189-SSD,2019,Wildfire
2019-0486-SSD,2019,Flood
2019-0613-AFG,2019,Landslide
2019-0666-AGO,2019,Flood
2019-0572-ALB,2019,Earthquake
2019-9666-ARG,2019,Drought
2019-0585-BDI,2019,Landslide
2019-0650-BEL,2019,Extreme temperature
2019-0663-BEN,2019,Epidemic
2019-0550-BGD,2019,Storm
2019-0655-BGD,2019,Extreme temperature
2019-0660-CAF,2019,Epidemic
2019-0524-CAF,2019,Flood
2019-0640-CHL,2019,Wildfire
2019-0520-CHN,2019,Earthquake
2019-0527-CMR,2019,Landslide
2019-0561-COG,2019,Flood
2019-0664-COG,2019,Flood
2019-0595-COL,2019,Flood
2019-0606-COL,2019,Flood
2019-0653-COL,2019,Flood
2019-0601-COM,2019,Storm
2019-0630-DJI,2019,Insect infestation
2019-0630-ERI,2019,Insect infestation
2019-0533-ESP,2019,Storm
2019-0626-ESP,2019,Storm
2019-0658-ETH,2019,Epidemic
2019-0642-FJI,2019,Storm
2019-0531-FJI,2019,Epidemic
2019-0551-FRA,2019,Earthquake
2019-0626-FRA,2019,Storm
2019-0650-GBR,2019,Extreme temperature
2019-0568-GBR,2019,Flood
2019-0665-GMB,2019,Storm
2019-0620-IDN,2019,Flood
2019-0523-IDN,2019,Flood
2019-0550-IND,2019,Storm
2019-0574-IND,2019,Flood
2019-0553-IRN,2019,Earthquake
2019-0521-JPN,2019,Storm
2019-0629-LKA,2019,Flood
2019-0656-LKA,2019,Flood
2019-9619-LSO,2019,Drought
2019-0596-MEX,2019,Flood
2019-0523-MYS,2019,Flood
2019-0578-MYS,2019,Flood
2019-0631-MYS,2019,Flood
2019-0598-NZL,2019,Volcanic activity
2019-0659-PAK,2019,Epidemic
2019-0522-PHL,2019,Earthquake
2019-0529-PHL,2019,Earthquake
2019-0619-PHL,2019,Earthquake
2019-0549-PHL,2019,Storm
2019-0573-PHL,2019,Storm
2019-0626-PRT,2019,Storm
2019-0643-RWA,2019,Flood
2019-0654-RWA,2019,Flood
2019-0518-SAU,2019,Flood
2019-0525-SDN,2019,Epidemic
2019-0526-SEN,2019,Flood
2019-9619-SWZ,2019,Drought
2019-0528-TON,2019,Epidemic
2019-0531-TON,2019,Epidemic
2019-0562-TZA,2019,Flood
2019-0630-TZA,2019,Insect infestation
2019-0623-UGA,2019,Landslide
2019-0540-UGA,2019,Flood
2019-0608-URY,2019,Flood
2020-0270-BRA,2020,Storm
2020-0418-CHE,2020,Storm
2021-0069-CHL,2021,Storm
2020-0495-COL,2020,Storm
2020-0554-FJI,2020,Storm
2020-0474-GTM,2020,Storm
2020-0463-PHL,2020,Storm
2020-0501-PHL,2020,Storm
2020-0218-SLV,2020,Storm
2020-0010-PAK,2020,Storm
2020-0022-BRA,2020,Flood
2020-0183-GTM,2020,Flood
2020-0157-KAZ,2020,Flood
2020-0045-PSE,2020,Extreme temperature
2020-0533-ITA,2020,Flood
2020-0095-PAK,2020,Flood
2020-0019-AUS,2020,Storm
2020-0474-NIC,2020,Storm
2020-0406-ITA,2020,Storm
2021-0016-ESP,2021,Storm
2020-0388-UGA,2020,Storm
2020-0487-SOM,2020,Storm
2020-0307-THA,2020,Storm
2020-0009-AFG,2020,Storm
2020-0323-BGD,2020,Flood
2020-0285-BIH,2020,Flood
2020-0058-BOL,2020,Flood
2020-0056-BRA,2020,Flood
2020-0077-BRA,2020,Flood
2020-0083-BRA,2020,Flood
2020-0560-BRA,2020,Flood
2020-0259-CIV,2020,Flood
2020-0071-COL,2020,Flood
2020-0477-COL,2020,Flood
2020-0218-GTM,2020,Storm
2020-0264-GTM,2020,Flood
2020-0218-HND,2020,Storm
2021-0003-IDN,2021,Earthquake
2020-0134-IDN,2020,Flood
2020-0250-IDN,2020,Flood
2020-0544-IDN,2020,Flood
2020-0059-IDN,2020,Flood
2020-0161-IDN,2020,Flood
2020-0185-IDN,2020,Flood
2020-0325-IDN,2020,Flood
2020-0486-IDN,2020,Flood
2021-0005-IDN,2021,Flood
2020-0206-IND,2020,Flood
2020-0304-IND,2020,Flood
2020-0521-ITA,2020,Flood
2020-0418-ITA,2020,Storm
2020-0296-JPN,2020,Flood
2020-0164-KEN,2020,Flood
2020-0308-KOR,2020,Storm
2020-0333-KOR,2020,Flood
2020-0016-MDG,2020,Flood
2020-0219-MEX,2020,Storm
2020-0353-MEX,2020,Flood
2020-0506-MEX,2020,Flood
2020-0160-MYS,2020,Flood
2020-0297-NPL,2020,Flood
2020-0357-PAK,2020,Flood
2020-0032-PER,2020,Flood
2020-0094-PER,2020,Flood
2020-0122-PER,2020,Flood
2020-0111-PNG,2020,Flood
2020-0158-PRI,2020,Earthquake
2021-0067-PRY,2021,Flood
2020-0188-RWA,2020,Flood
2020-0041-RWA,2020,Flood
2020-0171-RWA,2020,Flood
2020-0384-THA,2020,Flood
2020-0561-THA,2020,Flood
2020-0166-TZA,2020,Flood
2020-0182-UGA,2020,Flood
2020-0213-UGA,2020,Flood
2020-0522-UGA,2020,Flood
2020-0018-IDN,2020,Flood
2020-0269-MMR,2020,Landslide
2020-0257-NGA,2020,Flood
2020-0007-PRI,2020,Earthquake
2020-0329-MMR,2020,Flood
2021-0027-BOL,2021,Flood
2020-0266-CAN,2020,Storm
2020-0053-AUS,2020,Flood
2020-0075-HND,2020,Flood
2020-0001-ISR,2020,Flood
2020-0305-SDN,2020,Flood
2020-0301-URY,2020,Flood
2020-0555-JPN,2020,Storm
2021-0018-JPN,2021,Storm
2020-0030-MNG,2020,Storm
2021-0017-TWN,2021,Storm
2020-0060-ARG,2020,Storm
2020-0306-ARM,2020,Storm
2020-0109-BDI,2020,Storm
2020-0260-CHN,2020,Landslide
2020-0488-COL,2020,Landslide
2020-0207-CUB,2020,Storm
2020-0373-DOM,2020,Storm
2020-0524-IND,2020,Storm
2021-0072-IND,2021,Glacial lake outburst
2020-0411-KHM,2020,Storm
2020-0403-KOR,2020,Storm
2020-0411-LAO,2020,Storm
2020-0103-MDG,2020,Storm
2020-0316-MEX,2020,Storm
2021-0036-MOZ,2021,Storm
2020-0070-PER,2020,Landslide
2020-0558-PHL,2020,Storm
2020-0280-URY,2020,Storm
2020-9235-BFA,2020,Drought
2020-9396-LSO,2020,Drought
2020-9424-MDG,2020,Drought
2020-9569-MLI,2020,Drought
2020-9586-MOZ,2020,Drought
2020-9538-MRT,2020,Drought
2020-9570-NER,2020,Drought
2020-0057-IND,2020,Storm
2020-0519-IRN,2020,Flood
2020-0005-TUR,2020,Storm
2020-0496-CHN,2020,Flood
2020-0425-CHN,2020,Storm
2020-0102-EGY,2020,Flood
2020-0132-SLB,2020,Storm
2020-0125-COG,2020,Flood
2021-0028-MYS,2021,Flood
2020-0098-RWA,2020,Flood
2020-0124-AFG,2020,Flood
2020-0153-AFG,2020,Flood
2020-0311-AFG,2020,Flood
2020-0377-AFG,2020,Flood
2020-0063-AFG,2020,Landslide
2020-0142-AFG,2020,Flood
2020-0173-AGO,2020,Flood
2020-0104-AGO,2020,Flood
2020-0092-ARG,2020,Flood
2020-0595-AUS,2020,Storm
2021-0058-AUS,2021,Wildfire
2020-0055-BDI,2020,Flood
2020-0172-BDI,2020,Flood
2020-0051-BEL,2020,Storm
2020-0530-BEL,2020,Extreme temperature
2020-0421-BEN,2020,Flood
2020-0169-BFA,2020,Flood
2020-0248-BFA,2020,Flood
2020-0399-BFA,2020,Flood
2020-0211-BGD,2020,Storm
2020-0474-BLZ,2020,Storm
2020-0091-BOL,2020,Flood
2021-0001-BOL,2021,Flood
2020-9582-BRA,2020,Drought
2020-0191-CAN,2020,Flood
2020-0241-CHN,2020,Storm
2020-0244-CHN,2020,Earthquake
2020-0308-CHN,2020,Storm
2020-0355-CHN,2020,Storm
2020-0119-CHN,2020,Wildfire
2021-9078-CHN,2021,Drought
2020-0276-CHN,2020,Flood
2020-0282-CHN,2020,Flood
2020-0322-CHN,2020,Flood
2020-0581-CHN,2020,Flood
2020-0592-CMR,2020,Flood
2020-0509-COG,2020,Flood
2020-0474-COL,2020,Storm
2020-0317-COL,2020,Flood
2020-0474-CRI,2020,Storm
2020-0312-CUB,2020,Storm
2020-0051-CZE,2020,Storm
2020-0051-DEU,2020,Storm
2020-0150-DJI,2020,Flood
2020-0312-DOM,2020,Storm
2020-0376-DOM,2020,Storm
2020-0579-DZA,2020,Earthquake
2020-0479-ECU,2020,Volcanic activity
2020-0072-ECU,2020,Flood
2020-0020-ESP,2020,Storm
2020-0240-ETH,2020,Landslide
2020-0159-ETH,2020,Flood
2020-0222-ETH,2020,Landslide
2020-0564-ETH,2020,Flood
2020-0015-FJI,2020,Storm
2020-0132-FJI,2020,Storm
2021-0070-FJI,2021,Storm
2020-0254-FRA,2020,Flood
2020-0459-FRA,2020,Flood
2020-0418-FRA,2020,Storm
2020-0020-FRA,2020,Storm
2020-0051-FRA,2020,Storm
2020-0530-FRA,2020,Extreme temperature
2020-0202-FRA,2020,Flood
2020-0069-GBR,2020,Flood
2020-0051-GBR,2020,Storm
2020-0530-GBR,2020,Extreme temperature
2020-0372-GEO,2020,Flood
2020-0228-GHA,2020,Flood
2020-0399-GHA,2020,Flood
2020-0480-GIN,2020,Flood
2020-0466-GRC,2020,Earthquake
2020-0503-GRC,2020,Flood
2020-0331-GRC,2020,Flood
2020-0495-GTM,2020,Storm
2020-0155-GUF,2020,Flood
2020-0474-HND,2020,Storm
2020-0495-HND,2020,Storm
2020-0106-HRV,2020,Earthquake
2020-0572-HRV,2020,Earthquake
2020-0376-HTI,2020,Storm
2020-0225-IDN,2020,Earthquake
2020-0517-IDN,2020,Volcanic activity
2020-0518-IDN,2020,Volcanic activity
2020-0086-IDN,2020,Flood
2020-0144-IDN,2020,Flood
2020-0245-IDN,2020,Flood
2020-0310-IDN,2020,Flood
2020-0551-IDN,2020,Flood
2020-0052-IDN,2020,Flood
2020-0429-IDN,2020,Landslide
2021-0086-IDN,2021,Landslide
2020-0014-IDN,2020,Flood
2020-0033-IDN,2020,Flood
2020-0036-IDN,2020,Flood
2020-0068-IDN,2020,Flood
2020-0115-IDN,2020,Flood
2020-0121-IDN,2020,Flood
2020-0151-IDN,2020,Flood
2020-0224-IDN,2020,Flood
2020-0265-IDN,2020,Flood
2020-0532-IDN,2020,Flood
2021-0088-IDN,2021,Flood
2020-0220-IND,2020,Landslide
2020-0332-IND,2020,Landslide
2020-0211-IND,2020,Storm
2020-0217-IND,2020,Storm
2020-0198-IND,2020,Flood
2020-0249-IND,2020,Flood
2020-0446-IND,2020,Flood
2020-0073-IRN,2020,Earthquake
2021-0095-IRN,2021,Earthquake
2020-0574-IRN,2020,Landslide
2020-0126-IRN,2020,Insect infestation
2020-0017-IRN,2020,Flood
2020-0076-IRN,2020,Flood
2020-0118-IRN,2020,Flood
2020-0142-IRN,2020,Flood
2020-0535-IRN,2020,Flood
2020-0116-IRQ,2020,Flood
2020-0447-ISR,2020,Wildfire
2020-0365-ITA,2020,Landslide
2020-0051-ITA,2020,Storm
2020-0540-ITA,2020,Flood
2021-0105-JPN,2021,Earthquake
2020-0400-JPN,2020,Storm
2020-0403-JPN,2020,Storm
2020-0462-KHM,2020,Storm
2020-0400-KOR,2020,Storm
2020-0327-KOR,2020,Flood
2020-0307-LAO,2020,Storm
2020-0447-LBN,2020,Wildfire
2020-0482-LCA,2020,Epidemic
2020-0211-LKA,2020,Storm
2020-0461-LKA,2020,Flood
2020-0548-LKA,2020,Flood
2021-0071-MAR,2021,Flood
2021-0036-MDG,2021,Storm
2020-0281-MEX,2020,Earthquake
2020-0416-MEX,2020,Storm
2020-0474-MEX,2020,Storm
2020-0483-MEX,2020,Storm
2020-0324-MNG,2020,Flood
2020-0602-MNG,2020,Flood
2020-0284-MNG,2020,Flood
2020-0062-MOZ,2020,Flood
2020-0484-MOZ,2020,Flood
2020-0436-MRT,2020,Flood
2020-0481-MRT,2020,Flood
2020-0046-MWI,2020,Flood
2020-0559-MYS,2020,Flood
2020-0272-MYS,2020,Flood
2020-0289-MYS,2020,Flood
2020-0414-MYS,2020,Flood
2020-0085-NAM,2020,Flood
2020-0336-NER,2020,Flood
2020-0387-NER,2020,Flood
2020-0039-NGA,2020,Epidemic
2020-0528-NGA,2020,Epidemic
2020-0321-NGA,2020,Flood
2020-0455-NGA,2020,Flood
2020-0495-NIC,2020,Storm
2020-0530-NLD,2020,Extreme temperature
2020-0569-NOR,2020,Landslide
2020-0428-NZL,2020,Wildfire
2020-0043-NZL,2020,Flood
2020-0543-NZL,2020,Flood
2020-0221-OMN,2020,Flood
2020-0457-PAK,2020,Landslide
2020-0130-PAK,2020,Insect infestation
2020-0133-PAK,2020,Flood
2020-0249-PAK,2020,Flood
2020-0330-PAN,2020,Flood
2020-0474-PAN,2020,Storm
2020-0495-PAN,2020,Storm
2020-0370-PHL,2020,Earthquake
2020-0008-PHL,2020,Volcanic activity
2021-0022-PHL,2021,Flood
2020-0568-PHL,2020,Landslide
2020-0203-PHL,2020,Storm
2020-0452-PHL,2020,Storm
2020-0470-PHL,2020,Storm
2020-0047-PNG,2020,Flood
2020-0138-PNG,2020,Flood
2020-0146-PNG,2020,Landslide
2020-0571-PNG,2020,Landslide
2020-0051-POL,2020,Storm
2020-0273-POL,2020,Flood
2020-0312-PRI,2020,Storm
2020-0363-PRK,2020,Flood
2020-0080-PRY,2020,Epidemic
2021-0001-PRY,2021,Flood
2020-0286-ROU,2020,Flood
2020-0156-RWA,2020,Flood
2020-0369-SAU,2020,Flood
2020-0397-SEN,2020,Flood
2020-0474-SLV,2020,Storm
2020-0495-SLV,2020,Storm
2020-0464-SLV,2020,Landslide
2020-0320-SOM,2020,Flood
2020-0159-SOM,2020,Flood
2020-0454-SVK,2020,Flood
2020-0051-SVN,2020,Storm
2020-0051-SWE,2020,Storm
2020-0447-SYR,2020,Wildfire
2021-0039-SYR,2021,Flood
2020-0302-TCD,2020,Flood
2020-0382-TCD,2020,Flood
2020-0426-TGO,2020,Flood
2020-0199-THA,2020,Storm
2020-0529-THA,2020,Flood
2020-0411-THA,2020,Storm
2020-0462-THA,2020,Storm
2020-0527-TJK,2020,Flood
2020-0132-TON,2020,Storm
2020-0440-TUN,2020,Flood
2020-0034-TUR,2020,Earthquake
2020-0073-TUR,2020,Earthquake
2020-0251-TUR,2020,Earthquake
2020-0279-TUR,2020,Earthquake
2020-0466-TUR,2020,Earthquake
2020-0253-TUR,2020,Flood
2020-0287-TUR,2020,Flood
2020-0044-TUR,2020,Landslide
2020-0597-TUR,2020,Flood
2020-0015-TUV,2020,Storm
2020-0308-TWN,2020,Storm
2020-0037-TZA,2020,Flood
2020-0458-TZA,2020,Flood
2020-0194-TZA,2020,Flood
2020-0164-UGA,2020,Flood
2020-0385-UGA,2020,Flood
2020-0318-UKR,2020,Wildfire
2020-0349-UKR,2020,Wildfire
2020-0283-UKR,2020,Flood
2020-0580-USA,2020,Storm
2020-0584-USA,2020,Storm
2019-0534-VNM,2019,Storm
2019-0624-USA,2019,Storm
2019-0593-USA,2019,Storm
2019-0549-VNM,2019,Storm
2019-0517-USA,2019,Wildfire
2019-0609-VEN,2019,Flood
2019-0531-WSM,2019,Epidemic
2019-0644-YEM,2019,Epidemic
2019-0548-ZAF,2019,Storm
2019-9598-ZAF,2019,Drought
2019-0607-ZAF,2019,Flood
2019-0561-COD,2019,Flood
2019-0623-COD,2019,Landslide
2019-0615-COD,2019,Epidemic
2019-0614-COD,2019,Epidemic
2020-0583-USA,2020,Storm
2020-0157-UZB,2020,Flood
2020-0538-USA,2020,Storm
2020-0088-VNM,2020,Storm
2020-0474-USA,2020,Storm
2020-0489-ZAF,2020,Storm
2020-0328-VNM,2020,Flood
2020-0470-VNM,2020,Storm
2020-0531-COD,2020,Flood
2020-0285-SRB,2020,Flood
2020-0212-USA,2020,Flood
2020-0604-ZMB,2020,Flood
2020-0190-USA,2020,Storm
2020-0238-USA,2020,Storm
2020-0108-YEM,2020,Flood
2021-0096-USA,2021,Storm
2020-9585-USA,2020,Drought
2020-0148-USA,2020,Storm
2020-0167-USA,2020,Storm
2020-0011-USA,2020,Storm
2020-0316-USA,2020,Storm
2020-0412-USA,2020,Storm
2020-0438-USA,2020,Storm
2020-0165-VNM,2020,Storm
2020-0411-VNM,2020,Storm
2020-0501-VNM,2020,Storm
2020-0542-VNM,2020,Storm
2021-0036-ZAF,2021,Storm
2020-0483-USA,2020,Storm
2020-0376-USA,2020,Storm
2020-0082-USA,2020,Storm
2020-0582-USA,2020,Storm
2020-0089-USA,2020,Flood
2020-0219-USA,2020,Storm
2020-0312-USA,2020,Storm
2020-0441-USA,2020,Wildfire
2020-0478-VCT,2020,Epidemic
2020-0498-VEN,2020,Flood
2020-0307-VNM,2020,Storm
2020-0425-VNM,2020,Storm
2020-0462-VNM,2020,Storm
2020-0558-VNM,2020,Storm
2020-0132-VUT,2020,Storm
2020-0168-YEM,2020,Flood
2020-0216-YEM,2020,Flood
2020-0314-YEM,2020,Flood
2020-0319-YEM,2020,Flood
2020-0050-ZAF,2020,Flood
2020-0419-COD,2020,Flood
2020-0497-COD,2020,Epidemic
2020-0123-COD,2020,Flood
2020-0128-COD,2020,Flood
2020-0152-COD,2020,Flood
2020-0175-COD,2020,Flood
2020-0031-ZMB,2020,Flood
2020-0110-ZMB,2020,Flood
2021-0036-ZWE,2021,Storm
2020-0131-TLS,2020,Flood
2020-0362-SSD,2020,Flood
